City_ID,City,Country,Date,Lat,Lng,Max Temp,Humidity,Cloudiness,Wind Speed
0,Vostok,RU,2022-07-14 08:47:19,46.4856,135.8833,67.93,79,100,6.85
1,Hobart,AU,2022-07-14 08:45:46,-42.8794,147.3294,50.05,83,75,4.61
2,Albany,US,2022-07-14 08:45:56,42.6001,-73.9662,64.81,92,54,3.18
3,Fort Nelson,CA,2022-07-14 08:42:59,58.8053,-122.7002,58.59,55,75,8.05
4,Merke,KZ,2022-07-14 08:47:20,42.8728,73.1786,89.62,21,0,10.89
5,Tasiilaq,GL,2022-07-14 08:47:20,65.6145,-37.6368,40.17,73,23,4.16
6,Te Anau,NZ,2022-07-14 08:43:03,-45.4167,167.7167,36.3,97,92,4.29
7,New Norfolk,AU,2022-07-14 08:47:21,-42.7826,147.0587,49.71,86,99,2.35
8,Mataura,NZ,2022-07-14 08:47:21,-46.1927,168.8643,35.47,98,94,1.88
9,Lebu,CL,2022-07-14 08:43:39,-37.6167,-73.65,40.68,87,77,9.6
10,Jamestown,US,2022-07-14 08:45:41,42.097,-79.2353,59.02,85,0,1.01
11,Kaitangata,NZ,2022-07-14 08:47:22,-46.2817,169.8464,42.06,90,97,5.35
12,Ushuaia,AR,2022-07-14 08:47:22,-54.8,-68.3,29.86,80,0,4.61
13,East London,ZA,2022-07-14 08:47:22,-33.0153,27.9116,68.94,37,0,10.36
14,Vila Franca Do Campo,PT,2022-07-14 08:47:23,37.7167,-25.4333,69.19,81,75,10.56
15,Buchanan,LR,2022-07-14 08:47:23,5.8808,-10.0467,75.72,87,100,7.81
16,Novoagansk,RU,2022-07-14 08:47:23,61.9449,76.6625,67.12,51,90,4.12
17,Pemangkat,ID,2022-07-14 08:47:24,1.1667,108.9667,84.4,68,100,7.47
18,Port Lincoln,AU,2022-07-14 08:47:24,-34.7333,135.8667,53.44,76,20,10.67
19,Igrim,RU,2022-07-14 08:47:24,63.1906,64.4162,81.77,49,56,1.81
20,Avarua,CK,2022-07-14 08:47:25,-21.2078,-159.775,73.45,68,100,9.22
21,Yellowknife,CA,2022-07-14 08:45:17,62.456,-114.3525,55.92,100,75,3.44
22,Zyryanka,RU,2022-07-14 08:45:36,65.75,150.85,70.3,54,75,12.59
23,Arman,RU,2022-07-14 08:47:25,59.7,150.1667,80.02,77,56,2.53
24,Ponta Do Sol,PT,2022-07-14 08:47:26,32.6667,-17.1,71.01,73,2,2.15
25,Maningrida,AU,2022-07-14 08:47:26,-12.0667,134.2667,75.07,56,76,9.98
26,Saskylakh,RU,2022-07-14 08:47:26,71.9167,114.0833,51.22,59,100,10.47
27,Qaanaaq,GL,2022-07-14 08:47:27,77.484,-69.3632,41.09,91,100,7.25
28,Mitsamiouli,KM,2022-07-14 08:47:27,-11.3847,43.2844,82.69,65,40,11.5
29,Haian,CN,2022-07-14 08:47:28,32.5436,120.45,96.42,54,79,6.13
30,Cidreira,BR,2022-07-14 08:47:28,-30.1811,-50.2056,56.95,86,88,13.96
31,Rio Bravo,MX,2022-07-14 08:47:28,25.9833,-98.1,81.07,88,30,5.99
32,Kloulklubed,PW,2022-07-14 08:47:29,7.0419,134.2556,82.9,70,78,7.36
33,Broome,US,2022-07-14 08:47:29,42.2506,-75.833,63.18,96,100,9.22
34,Port Macquarie,AU,2022-07-14 08:47:29,-31.4333,152.9167,54.9,80,91,16.42
35,Emba,KZ,2022-07-14 08:47:30,48.8264,58.1442,96.17,18,4,8.88
36,Vaini,TO,2022-07-14 08:47:30,-21.2,-175.2,77.13,82,2,18.45
37,Ketchikan,US,2022-07-14 08:42:01,55.3422,-131.6461,53.58,94,100,6.87
38,Pingliang,CN,2022-07-14 08:47:31,35.5392,106.6861,80.13,72,94,10.11
39,Bilibino,RU,2022-07-14 08:47:31,68.0546,166.4372,57.97,51,32,6.35
40,Rikitea,PF,2022-07-14 08:47:32,-23.1203,-134.9692,69.33,87,100,8.03
41,Meulaboh,ID,2022-07-14 08:43:08,4.1363,96.1285,85.91,68,5,11.65
42,Castro,BR,2022-07-14 08:47:32,-24.7911,-50.0119,53.08,96,100,7.52
43,Ayorou,NE,2022-07-14 08:47:32,14.7308,0.9174,91.94,41,59,12.41
44,Igarka,RU,2022-07-14 08:47:33,67.4667,86.5833,59.59,46,99,4.63
45,Souillac,MU,2022-07-14 08:47:33,-20.5167,57.5167,73.78,68,75,18.41
46,Joshimath,IN,2022-07-14 08:48:33,30.5667,79.5667,76.48,80,84,6.31
47,Russkaya Polyana,UA,2022-07-14 08:48:34,49.417,31.9201,70.21,52,92,15.88
48,Lerwick,GB,2022-07-14 08:48:34,60.1545,-1.1494,53.6,71,79,14.54
49,Punta Arenas,CL,2022-07-14 08:44:29,-53.15,-70.9167,35.71,80,40,12.66
50,Mar Del Plata,AR,2022-07-14 08:48:35,-38.0023,-57.5575,47.08,86,0,15.99
51,Santa Cruz,BO,2022-07-14 08:44:51,-17.8,-63.1667,67.46,83,75,17.27
52,Bluff,NZ,2022-07-14 08:48:35,-46.6,168.3333,35.8,75,62,6.24
53,Buala,SB,2022-07-14 08:48:35,-8.145,159.5921,79.2,75,72,3.29
54,Beloha,MG,2022-07-14 08:48:36,-25.1667,45.05,79.79,34,0,6.11
55,Lakewood,US,2022-07-14 08:44:54,39.7047,-105.0814,76.78,42,72,4.0
56,Hilo,US,2022-07-14 08:48:36,19.7297,-155.09,76.28,94,100,1.99
57,Hasaki,JP,2022-07-14 08:48:37,35.7333,140.8333,73.8,86,99,11.59
58,Newton,US,2022-07-14 08:48:37,42.337,-71.2092,68.05,92,100,5.75
59,Srednekolymsk,RU,2022-07-14 08:48:37,67.45,153.6833,59.23,57,100,11.59
60,Alyangula,AU,2022-07-14 08:48:38,-13.8483,136.4192,68.14,62,29,15.79
61,Port Alfred,ZA,2022-07-14 08:48:38,-33.5906,26.891,63.18,60,85,4.0
62,San Cristobal,VE,2022-07-14 08:44:18,7.7669,-72.225,63.18,94,33,2.26
63,Seymchan,RU,2022-07-14 08:48:39,62.8833,152.4333,72.3,61,98,11.36
64,Butaritari,KI,2022-07-14 08:48:39,3.0707,172.7902,81.48,82,36,17.69
65,Chuy,UY,2022-07-14 08:48:39,-33.6971,-53.4616,52.12,89,79,13.98
66,Puerto Ayora,EC,2022-07-14 08:48:13,-0.7393,-90.3518,69.55,92,98,7.0
67,Labuhan,ID,2022-07-14 08:48:40,-6.8844,112.2051,82.58,75,100,11.99
68,Jaru,BR,2022-07-14 08:48:40,-10.4389,-62.4664,68.54,68,83,0.89
69,Walvis Bay,NA,2022-07-14 08:48:41,-22.9575,14.5053,67.03,46,0,5.19
70,Korla,CN,2022-07-14 08:48:41,41.7597,86.1469,90.48,18,100,17.13
71,Busselton,AU,2022-07-14 08:48:42,-33.65,115.3333,59.81,76,8,23.55
72,Linxia,CN,2022-07-14 08:48:42,35.6003,103.2064,74.97,69,100,2.8
73,Nikolskoye,RU,2022-07-14 08:48:43,59.7035,30.7861,73.29,61,80,10.11
74,Idukki,IN,2022-07-14 08:48:43,9.85,76.9667,73.11,86,98,10.56
75,Batemans Bay,AU,2022-07-14 08:47:45,-35.7167,150.1833,53.1,71,6,9.15
76,Lerik,AZ,2022-07-14 08:48:44,38.7726,48.4128,84.92,21,0,11.77
77,Nelson Bay,AU,2022-07-14 08:48:44,-32.7167,152.15,54.1,97,84,14.0
78,Chalons-En-Champagne,FR,2022-07-14 08:48:44,48.9539,4.3672,86.23,47,62,5.19
79,Coihaique,CL,2022-07-14 08:45:01,-45.5752,-72.0662,30.15,86,0,4.61
80,Moindou,NC,2022-07-14 08:48:45,-21.6924,165.677,69.44,69,79,13.22
81,Port Hedland,AU,2022-07-14 08:44:17,-20.3167,118.5667,71.65,56,88,14.97
82,Vila Velha,BR,2022-07-14 08:48:45,-20.3297,-40.2925,65.95,96,20,1.14
83,Luderitz,NA,2022-07-14 08:48:46,-26.6481,15.1594,65.08,35,0,15.14
84,Ilulissat,GL,2022-07-14 08:48:46,69.2167,-51.1,41.02,100,100,2.3
85,Georgetown,MY,2022-07-14 08:48:47,5.4112,100.3354,89.55,70,20,8.05
86,Bredasdorp,ZA,2022-07-14 08:48:47,-34.5322,20.0403,59.94,76,78,13.06
87,Dehloran,IR,2022-07-14 08:48:47,32.6941,47.2679,115.34,7,0,10.2
88,Atuona,PF,2022-07-14 08:49:48,-9.8,-139.0333,77.65,74,5,18.32
89,Cabral,DO,2022-07-14 08:49:48,18.25,-71.2167,75.07,86,86,3.04
90,Tuktoyaktuk,CA,2022-07-14 08:49:48,69.4541,-133.0374,35.51,97,100,20.31
91,Mormugao,IN,2022-07-14 08:45:13,15.4,73.8,80.69,80,100,25.3
92,Barrow,US,2022-07-14 08:49:49,71.2906,-156.7887,35.62,93,100,10.36
93,Norman Wells,CA,2022-07-14 08:49:49,65.282,-126.8329,53.64,87,100,12.66
94,Svetlogorsk,BY,2022-07-14 08:49:50,52.6333,29.7333,67.87,69,51,11.54
95,Kharp,RU,2022-07-14 08:49:50,66.8014,65.8081,74.89,43,56,2.13
96,Effium,NG,2022-07-14 08:49:51,6.6292,8.0593,77.7,85,97,7.85
97,Chifeng,CN,2022-07-14 08:48:42,42.2683,118.9636,87.35,26,1,13.4
98,Cabo San Lucas,MX,2022-07-14 08:49:51,22.8909,-109.9124,83.61,73,39,7.87
99,Shambu,ET,2022-07-14 08:49:51,9.5667,37.1,57.27,89,99,4.16
100,Chokurdakh,RU,2022-07-14 08:49:52,70.6333,147.9167,56.64,41,100,11.12
101,Teguldet,RU,2022-07-14 08:49:52,57.3064,88.1667,64.51,42,88,5.95
102,Ribeira Grande,PT,2022-07-14 08:45:38,38.5167,-28.7,72.0,78,20,4.61
103,Vanimo,PG,2022-07-14 08:49:53,-2.6741,141.3028,79.63,80,100,2.51
104,Lorengau,PG,2022-07-14 08:49:53,-2.0226,147.2712,82.31,73,100,4.61
105,Lavrentiya,RU,2022-07-14 08:49:54,65.5833,-171.0,49.69,72,40,6.6
106,Cape Town,ZA,2022-07-14 08:47:53,-33.9258,18.4232,60.12,96,75,4.61
107,Ancud,CL,2022-07-14 08:49:54,-41.8697,-73.8203,40.23,91,91,7.38
108,Moa,CU,2022-07-14 08:49:55,20.6569,-74.9403,78.33,83,14,10.33
109,Coquimbo,CL,2022-07-14 08:48:14,-29.9533,-71.3436,53.33,93,100,2.3
110,Sao Filipe,CV,2022-07-14 08:49:55,14.8961,-24.4956,73.87,78,42,13.04
111,Shahganj,IN,2022-07-14 08:49:56,26.05,82.6833,107.13,26,99,19.48
112,Honiara,SB,2022-07-14 08:49:38,-9.4333,159.95,77.94,78,39,2.66
113,Saint-Philippe,RE,2022-07-14 08:49:56,-21.3585,55.7679,76.59,78,58,12.53
114,Bengkulu,ID,2022-07-14 08:45:35,-3.8004,102.2655,82.27,82,73,6.02
115,Bonthe,SL,2022-07-14 08:49:56,7.5264,-12.505,78.51,82,88,6.13
116,Guthrie,US,2022-07-14 08:48:29,35.8789,-97.4253,81.68,57,0,7.63
117,Marawi,PH,2022-07-14 08:49:57,7.9986,124.2928,74.25,93,73,2.64
118,Kruisfontein,ZA,2022-07-14 08:49:57,-34.0033,24.7314,55.89,88,100,16.4
119,Aykhal,RU,2022-07-14 08:49:58,66.0,111.5,59.43,49,100,6.15
120,Kapaa,US,2022-07-14 08:46:39,22.0752,-159.319,80.58,89,100,19.57
121,Kuna,US,2022-07-14 08:45:12,43.4918,-116.4201,75.85,49,0,10.36
122,Maneadero,MX,2022-07-14 08:49:58,31.7167,-116.5667,66.09,86,31,1.99
123,Ngunguru,NZ,2022-07-14 08:49:59,-35.6167,174.5,59.97,95,100,5.37
124,Hermanus,ZA,2022-07-14 08:49:59,-34.4187,19.2345,57.79,81,71,11.41
125,Kavaratti,IN,2022-07-14 08:49:59,10.5669,72.642,81.45,83,100,20.65
126,Tiksi,RU,2022-07-14 08:50:00,71.6872,128.8694,42.19,84,83,7.34
127,Pangnirtung,CA,2022-07-14 08:50:00,66.1451,-65.7125,44.33,89,91,1.88
128,Naryan-Mar,RU,2022-07-14 08:50:01,67.6713,53.087,84.33,46,1,7.31
129,Andenes,NO,2022-07-14 08:50:01,69.3143,16.1194,54.93,100,100,9.22
130,Elk City,US,2022-07-14 08:50:01,35.412,-99.4043,78.78,44,0,3.44
131,Kodiak,US,2022-07-14 08:50:02,57.79,-152.4072,56.71,82,100,0.0
132,Leningradskiy,RU,2022-07-14 08:50:02,69.3833,178.4167,35.17,86,100,8.48
133,Kashary,RU,2022-07-14 08:50:03,49.04,41.0056,82.83,22,76,18.1
134,Kushmurun,KZ,2022-07-14 08:50:03,52.4503,64.6311,84.36,36,0,5.26
135,Lata,PT,2022-07-14 08:51:03,40.1629,-8.3327,83.8,15,90,3.11
136,Tazovskiy,RU,2022-07-14 08:51:04,67.4667,78.7,60.87,46,100,8.34
137,Djibo,BF,2022-07-14 08:51:04,14.1022,-1.6306,84.78,57,99,14.74
138,Saint George,US,2022-07-14 08:50:14,37.1041,-113.5841,90.19,30,0,10.36
139,Sorong,ID,2022-07-14 08:51:04,-0.8833,131.25,80.73,85,100,12.08
140,Gayny,RU,2022-07-14 08:51:05,60.3071,54.3241,79.93,64,80,7.52
141,Guerrero Negro,MX,2022-07-14 08:51:05,27.9769,-114.0611,63.81,90,8,10.54
142,Mahebourg,MU,2022-07-14 08:51:05,-20.4081,57.7,73.69,68,75,18.41
143,Bansang,GM,2022-07-14 08:51:06,13.4333,-14.65,81.27,79,77,4.7
144,Thompson,CA,2022-07-14 08:51:06,55.7435,-97.8558,66.36,72,40,5.75
145,Carnarvon,AU,2022-07-14 08:51:06,-24.8667,113.6333,71.91,70,0,11.01
146,Hovd,MN,2022-07-14 08:51:07,48.0056,91.6419,73.83,23,64,10.51
147,Stromness,GB,2022-07-14 08:49:27,58.965,-3.296,55.36,86,90,8.99
148,Talnakh,RU,2022-07-14 08:51:07,69.4865,88.3972,63.21,46,70,3.56
149,Yulara,AU,2022-07-14 08:51:08,-25.2406,130.9889,57.13,34,0,10.0
150,Dingle,PH,2022-07-14 08:51:08,10.9995,122.6711,83.97,80,70,4.21
151,Zhuhai,CN,2022-07-14 08:51:09,22.2769,113.5678,89.38,79,20,8.05
152,Soddy-Daisy,US,2022-07-14 08:51:09,35.2359,-85.1908,70.48,91,0,2.19
153,Goma,CD,2022-07-14 08:51:09,-1.6792,29.2228,75.43,47,22,5.97
154,Xixiang,CN,2022-07-14 08:51:10,35.1628,112.865,97.3,39,99,12.62
155,Los Llanos De Aridane,ES,2022-07-14 08:51:10,28.6585,-17.9182,69.55,85,40,9.22
156,Santa Maria,BR,2022-07-14 08:51:11,-29.6842,-53.8069,55.35,98,99,4.61
157,Sao Joao Da Barra,BR,2022-07-14 08:51:11,-21.6403,-41.0511,68.83,90,16,2.42
158,Belmonte,BR,2022-07-14 08:51:11,-15.8631,-38.8828,71.1,87,100,6.35
159,Shizunai,JP,2022-07-14 08:51:12,42.3339,142.3669,66.9,84,49,15.88
160,Port Elizabeth,ZA,2022-07-14 08:51:12,-33.918,25.5701,58.1,91,75,21.85
161,Villaviciosa,ES,2022-07-14 08:51:13,43.4813,-5.4357,78.01,81,79,5.99
162,Whitehorse,CA,2022-07-14 08:51:13,60.7161,-135.0538,50.77,76,100,9.22
163,Lindau,DE,2022-07-14 08:51:13,47.55,9.6833,90.77,55,0,2.3
164,Witu,KE,2022-07-14 08:51:14,-2.3889,40.4382,71.76,89,99,14.56
165,Sakakah,SA,2022-07-14 08:51:14,29.9697,40.2064,98.17,12,6,2.62
166,Bethel,US,2022-07-14 08:51:15,41.3712,-73.414,70.16,87,100,1.01
167,Manzanillo,CU,2022-07-14 08:51:15,20.3433,-77.1167,73.06,88,0,5.59
168,Dingli,MT,2022-07-14 08:51:15,35.8614,14.3822,80.76,61,20,4.61
169,Inhambane,MZ,2022-07-14 08:51:16,-23.865,35.3833,75.11,46,0,6.38
170,Flinders,AU,2022-07-14 08:45:38,-34.5833,150.8552,51.19,74,40,4.0
171,Svetlyy,RU,2022-07-14 08:51:16,54.675,20.1347,65.97,61,17,20.6
172,Praia Da Vitoria,PT,2022-07-14 08:48:38,38.7333,-27.0667,72.75,100,40,14.16
173,Quang Ngai,VN,2022-07-14 08:51:17,15.1167,108.8,85.48,78,94,7.63
174,Shu,KZ,2022-07-14 08:51:18,43.5983,73.7614,94.44,10,0,18.19
175,Hithadhoo,MV,2022-07-14 08:51:18,-0.6,73.0833,82.8,75,85,13.82
176,Arraial Do Cabo,BR,2022-07-14 08:51:18,-22.9661,-42.0278,70.14,88,16,10.27
177,Husavik,IS,2022-07-14 08:51:19,66.0449,-17.3389,47.59,84,100,1.57
178,Mandalgovi,MN,2022-07-14 08:51:19,45.7625,106.2708,82.67,18,100,7.85
179,Yar-Sale,RU,2022-07-14 08:43:09,66.8333,70.8333,64.56,55,99,11.61
180,Gushikawa,JP,2022-07-14 08:51:19,26.3544,127.8686,87.03,80,100,10.22
181,Vardo,NO,2022-07-14 08:52:20,70.3705,31.1107,55.38,94,100,2.3
182,Faanui,PF,2022-07-14 08:52:20,-16.4833,-151.75,78.48,65,21,22.21
183,Grindavik,IS,2022-07-14 08:43:10,63.8424,-22.4338,48.67,87,75,10.36
184,Salalah,OM,2022-07-14 08:52:21,17.0151,54.0924,81.61,74,38,11.23
185,Torbay,CA,2022-07-14 08:52:21,47.6666,-52.7314,64.58,92,75,12.66
186,Tiznit,MA,2022-07-14 08:52:22,29.5833,-9.5,89.53,24,0,4.23
187,Olafsvik,IS,2022-07-14 08:52:22,64.8945,-23.7142,49.98,79,90,6.31
188,Bambous Virieux,MU,2022-07-14 08:52:22,-20.3428,57.7575,73.65,68,75,18.41
189,Nome,US,2022-07-14 08:52:23,64.5011,-165.4064,53.67,82,0,4.61
190,Havre-Saint-Pierre,CA,2022-07-14 08:52:23,50.2334,-63.5986,46.4,100,0,0.0
191,Soure,BR,2022-07-14 08:52:23,-0.7167,-48.5233,77.83,87,74,9.37
192,Dalby,AU,2022-07-14 08:52:24,-27.1833,151.2667,50.99,61,8,10.8
193,Karratha,AU,2022-07-14 08:52:24,-20.7377,116.8463,72.55,46,70,8.9
194,Kommunisticheskiy,RU,2022-07-14 08:52:25,61.6789,64.4819,88.27,29,37,6.4
195,Hellvik,NO,2022-07-14 08:52:25,59.9156,5.781,54.0,88,100,4.0
196,College,US,2022-07-14 08:45:39,64.8569,-147.8028,57.29,75,40,0.0
197,Taoudenni,ML,2022-07-14 08:52:26,22.6783,-3.9836,107.47,6,7,14.97
198,Williston,US,2022-07-14 08:47:44,48.147,-103.618,74.03,73,100,5.99
199,Nemuro,JP,2022-07-14 08:52:26,43.3236,145.575,60.6,93,100,8.88
200,Sitka,US,2022-07-14 08:45:42,57.0531,-135.33,55.29,88,75,0.0
201,Urucara,BR,2022-07-14 08:52:27,-2.5364,-57.76,72.57,97,75,2.39
202,Hirado,JP,2022-07-14 08:52:27,33.3597,129.5531,86.4,90,46,16.49
203,Samana,DO,2022-07-14 08:52:27,19.2056,-69.3369,76.37,89,81,7.23
204,Russell,US,2022-07-14 08:52:28,32.3502,-85.1999,74.48,98,96,2.86
205,Volchansk,RU,2022-07-14 08:52:28,59.9378,60.081,87.33,36,15,1.41
206,Tortoli,IT,2022-07-14 08:52:29,39.9256,9.6572,84.65,46,0,6.69
207,Pevek,RU,2022-07-14 08:52:29,69.7008,170.3133,36.03,83,38,19.13
208,Khatanga,RU,2022-07-14 08:52:30,71.9667,102.5,50.0,60,100,9.15
209,Kavieng,PG,2022-07-14 08:43:02,-2.5744,150.7967,80.33,80,100,7.34
210,Helong,CN,2022-07-14 08:52:30,42.5397,128.9972,67.26,97,99,2.42
211,Yurginskoye,RU,2022-07-14 08:52:30,56.8189,67.3921,82.89,53,9,10.6
212,Dikson,RU,2022-07-14 08:52:31,73.5069,80.5464,43.2,78,78,11.63
213,Anchorage,US,2022-07-14 08:40:00,61.2181,-149.9003,56.93,92,100,8.05
214,Longyan,CN,2022-07-14 08:52:31,25.1072,117.0225,89.55,58,100,1.86
215,Kenmore,US,2022-07-14 08:52:32,47.7573,-122.244,59.27,79,0,8.05
216,Mehamn,NO,2022-07-14 08:52:32,71.0357,27.8492,58.95,88,40,5.75
217,Palmer,US,2022-07-14 08:50:34,42.1584,-72.3287,66.61,85,94,1.3
218,Sterling,US,2022-07-14 08:48:55,39.0062,-77.4286,71.44,92,20,0.0
219,Constitucion,CL,2022-07-14 08:44:16,-35.3333,-72.4167,40.93,90,80,5.14
220,Kiunga,PG,2022-07-14 08:52:33,-6.1219,141.2906,73.47,98,89,3.8
221,Bandarbeyla,SO,2022-07-14 08:52:33,9.4942,50.8122,92.26,42,75,31.07
222,Fortuna,US,2022-07-14 08:52:34,40.5982,-124.1573,56.93,89,100,1.99
223,Cairns,AU,2022-07-14 08:52:34,-16.9167,145.7667,60.75,59,72,4.61
224,Prince Rupert,CA,2022-07-14 08:50:07,54.3161,-130.3201,53.29,90,100,20.71
225,Atambua,ID,2022-07-14 08:52:35,-9.1061,124.8925,73.76,68,33,6.8
226,Amapa,BR,2022-07-14 08:52:35,1.0,-52.0,70.39,99,97,0.92
227,Caravelas,BR,2022-07-14 08:53:35,-17.7125,-39.2481,68.94,91,44,1.66
228,Roma,US,2022-07-14 08:53:36,43.2128,-75.4557,62.67,96,25,2.59
229,Daoukro,CI,2022-07-14 08:53:36,7.0591,-3.9631,74.73,92,100,4.76
230,Qasigiannguit,GL,2022-07-14 08:53:36,68.8193,-51.1922,38.23,83,65,2.59
231,Hermiston,US,2022-07-14 08:53:37,45.8404,-119.2895,71.17,47,0,1.99
232,San Patricio,US,2022-07-14 08:53:37,28.017,-97.5169,85.84,85,59,5.37
233,Graham,US,2022-07-14 08:53:38,47.0529,-122.2943,57.18,87,0,1.01
234,Saldanha,ZA,2022-07-14 08:53:38,-33.0117,17.9442,55.45,85,88,2.24
235,Lyantonde,UG,2022-07-14 08:53:38,-0.4031,31.1572,82.0,30,96,11.16
236,Provideniya,RU,2022-07-14 08:53:39,64.3833,-173.3,52.63,67,100,3.06
237,Kahului,US,2022-07-14 08:53:39,20.8947,-156.47,78.82,79,20,14.97
238,Port-Cartier,CA,2022-07-14 08:53:40,50.0334,-66.8654,50.11,79,5,5.17
239,Esperance,AU,2022-07-14 08:53:40,-33.8667,121.9,68.16,49,100,10.74
240,Itarema,BR,2022-07-14 08:53:40,-2.9248,-39.9167,75.67,86,7,13.33
241,Poum,NC,2022-07-14 08:53:41,-20.2333,164.0167,73.42,58,100,20.38
242,Umm Kaddadah,SD,2022-07-14 08:53:41,13.6017,26.6876,87.19,46,100,11.68
243,Padang,ID,2022-07-14 08:53:41,-0.9492,100.3543,86.05,78,99,3.74
244,Nuevo Progreso,MX,2022-07-14 08:53:42,23.1667,-97.95,79.47,70,65,4.14
245,Ukiah,US,2022-07-14 08:53:42,39.1502,-123.2078,66.36,77,0,0.0
246,Lagoa,PT,2022-07-14 08:53:42,39.05,-27.9833,68.9,90,100,13.13
247,Wajima,JP,2022-07-14 08:53:43,37.4,136.9,75.88,94,75,4.61
248,San Jose,US,2022-07-14 08:50:07,37.3394,-121.895,63.0,85,0,5.75
249,Martapura,ID,2022-07-14 08:53:43,-3.4167,114.85,86.09,70,20,8.05
250,Makokou,GA,2022-07-14 08:53:44,0.5738,12.8642,73.74,88,100,4.21
251,Awjilah,LY,2022-07-14 08:53:44,29.1081,21.2869,87.3,31,0,10.2
252,Kailua,US,2022-07-14 08:48:56,21.4022,-157.7394,78.78,83,20,11.5
253,Nouadhibou,MR,2022-07-14 08:53:44,20.931,-17.0347,67.98,94,3,18.41
254,Nuuk,GL,2022-07-14 08:50:21,64.1835,-51.7216,47.88,76,73,11.01
255,Sabzevar,IR,2022-07-14 08:53:45,36.2126,57.6819,92.48,15,0,18.41
256,Victoria,HK,2022-07-14 08:49:12,22.2855,114.1577,92.97,73,94,5.99
257,Markova,UA,2022-07-14 08:53:45,48.6758,24.4138,78.53,38,91,12.82
258,Kapoeta,SS,2022-07-14 08:53:46,4.7717,33.5903,89.51,31,74,11.5
259,Lokomotivnyy,RU,2022-07-14 08:53:46,53.0118,60.5684,86.68,40,4,8.08
260,Mouila,GA,2022-07-14 08:53:46,-1.8685,11.0559,76.91,83,100,2.8
261,Huilong,CN,2022-07-14 08:53:47,31.8111,121.655,88.68,74,91,11.01
262,Mundo Nuevo,MX,2022-07-14 08:53:47,18.7,-95.5,78.04,88,100,7.2
263,Pitimbu,BR,2022-07-14 08:53:47,-7.4706,-34.8086,72.19,84,5,13.0
264,Naze,JP,2022-07-14 08:53:48,28.3667,129.4833,85.12,80,62,9.26
265,Evanston,US,2022-07-14 08:52:31,42.0411,-87.6901,63.97,83,0,1.01
266,Hof,DE,2022-07-14 08:53:48,50.3167,11.9167,76.46,61,0,2.3
267,Cayenne,GF,2022-07-14 08:53:49,4.9333,-52.3333,75.24,1,100,1.14
268,Mitu,CO,2022-07-14 08:53:49,1.1983,-70.1733,69.48,99,100,1.88
269,Katsuura,JP,2022-07-14 08:53:49,35.1333,140.3,76.01,91,100,8.01
270,Bako,ET,2022-07-14 08:53:50,5.7833,36.5667,75.22,46,96,3.83
271,Almeirim,BR,2022-07-14 08:53:50,-1.5233,-52.5817,71.96,98,82,3.6
272,Nanortalik,GL,2022-07-14 08:54:51,60.1432,-45.2371,47.08,92,100,16.4
273,Haines Junction,CA,2022-07-14 08:54:51,60.7522,-137.5108,49.95,87,26,1.14
274,Mount Gambier,AU,2022-07-14 08:54:09,-37.8333,140.7667,48.11,93,40,1.14
275,Narsaq,GL,2022-07-14 08:54:51,60.9167,-46.05,50.99,51,100,10.04
276,Krasnoselkup,RU,2022-07-14 08:54:52,65.7,82.4667,64.11,45,97,9.84
277,Matagami,CA,2022-07-14 08:54:52,49.7502,-77.6328,48.31,81,0,8.05
278,Manadhoo,MV,2022-07-14 08:54:53,5.7667,73.3833,82.74,76,88,16.78
279,Tigre,AR,2022-07-14 08:54:53,-34.426,-58.5796,52.21,79,0,8.05
280,Waterloo,CA,2022-07-14 08:51:01,43.4668,-80.5164,56.79,99,0,3.44
281,Lai,TD,2022-07-14 08:54:53,9.3952,16.2989,82.31,55,99,5.28
282,Mackay,AU,2022-07-14 08:54:54,-21.15,149.2,51.67,55,19,12.8
283,Karpogory,RU,2022-07-14 08:54:54,64.0019,44.4451,74.55,61,100,9.82
284,Fairbanks,US,2022-07-14 08:54:54,64.8378,-147.7164,57.31,77,97,1.01
285,Jacareacanga,BR,2022-07-14 08:54:55,-6.2222,-57.7528,70.18,69,6,1.9
286,Vanersborg,SE,2022-07-14 08:54:55,58.3807,12.3234,61.57,63,75,14.97
287,Clarksdale,US,2022-07-14 08:50:44,34.2001,-90.5709,75.18,100,100,0.0
288,Pathein,MM,2022-07-14 08:54:56,16.7833,94.7333,78.93,90,100,9.75
289,Havoysund,NO,2022-07-14 08:54:56,70.9963,24.6622,59.23,93,100,3.87
290,Hamilton,US,2022-07-14 08:51:19,39.1834,-84.5333,70.0,92,0,1.01
291,Baruun-Urt,MN,2022-07-14 08:54:56,46.6806,113.2792,81.01,29,100,11.03
292,Taywarah,AF,2022-07-14 08:54:57,33.35,64.4167,78.87,10,0,2.48
293,Perpignan,FR,2022-07-14 08:51:31,42.75,2.75,83.82,65,0,2.3
294,Sibolga,ID,2022-07-14 08:54:57,1.7427,98.7792,84.79,74,100,5.01
295,Severo-Kurilsk,RU,2022-07-14 08:54:58,50.6789,156.125,54.01,96,97,5.84
296,Upernavik,GL,2022-07-14 08:54:58,72.7868,-56.1549,37.78,90,28,14.9
297,Clyde River,CA,2022-07-14 08:54:58,70.4692,-68.5914,34.03,100,0,4.61
298,Bodrum,TR,2022-07-14 08:50:07,37.0383,27.4292,91.33,55,0,7.96
299,Makakilo City,US,2022-07-14 08:54:59,21.3469,-158.0858,76.6,73,29,18.41
300,Jiuquan,CN,2022-07-14 08:54:59,39.7432,98.5174,86.38,24,99,9.8
301,Ribas Do Rio Pardo,BR,2022-07-14 08:55:00,-20.4431,-53.7592,62.04,66,34,2.71
302,Qui Nhon,VN,2022-07-14 08:50:43,13.7667,109.2333,85.86,75,78,7.76
303,Jurmala,LV,2022-07-14 08:53:11,56.968,23.7704,69.98,52,20,6.91
304,Henties Bay,NA,2022-07-14 08:55:00,-22.116,14.2845,63.0,65,0,7.58
305,Kundiawa,PG,2022-07-14 08:55:01,-6.0167,144.9667,62.83,99,100,2.19
306,Irmo,US,2022-07-14 08:55:01,34.086,-81.1832,73.51,75,40,0.0
307,Parintins,BR,2022-07-14 08:51:14,-2.6283,-56.7358,72.16,98,88,2.8
308,Longyearbyen,SJ,2022-07-14 08:55:02,78.2186,15.6401,57.04,67,20,6.91
309,Susanville,US,2022-07-14 08:55:02,40.4163,-120.653,54.66,53,0,3.24
310,Saint-Joseph,RE,2022-07-14 08:55:02,-21.3667,55.6167,75.58,73,39,12.21
311,The Valley,AI,2022-07-14 08:55:03,18.217,-63.0578,81.1,76,86,21.39
312,Preston,GB,2022-07-14 08:55:03,53.7667,-2.7167,63.63,67,75,11.5
313,Matay,EG,2022-07-14 08:55:03,28.419,30.7792,88.84,28,1,16.78
314,Klaksvik,FO,2022-07-14 08:55:04,62.2266,-6.589,49.12,80,94,8.46
315,Kathmandu,NP,2022-07-14 08:55:04,27.7167,85.3167,84.42,54,40,3.15
316,Cherskiy,RU,2022-07-14 08:55:04,68.75,161.3,45.79,62,2,18.39
317,Weligama,LK,2022-07-14 08:55:05,5.9667,80.4167,83.79,68,31,15.37
318,Leshukonskoye,RU,2022-07-14 08:55:05,64.8989,45.7622,70.97,84,99,10.07
319,Rute,ES,2022-07-14 08:56:06,37.3269,-4.3683,89.15,16,0,4.43
320,Poronaysk,RU,2022-07-14 08:56:06,49.2167,143.1167,57.15,92,100,5.84
321,Santa Isabel Do Rio Negro,BR,2022-07-14 08:56:06,-0.4139,-65.0192,72.37,100,100,2.26
322,Lulea,SE,2022-07-14 08:56:07,65.5842,22.1547,64.47,94,40,2.3
323,Tautira,PF,2022-07-14 08:56:07,-17.7333,-149.15,75.33,79,26,22.12
324,Chulman,RU,2022-07-14 08:56:08,56.8479,124.9104,75.16,65,99,2.06
325,Chiang Khong,TH,2022-07-14 08:56:08,20.2613,100.4046,87.42,71,100,2.42
326,Shuangyang,CN,2022-07-14 08:56:08,43.5242,125.6736,68.22,94,100,7.16
327,Baft,IR,2022-07-14 08:56:09,29.234,56.6057,84.43,11,0,1.12
328,Ituacu,BR,2022-07-14 08:56:09,-13.8133,-41.2967,60.44,90,22,3.0
329,Adrar,MR,2022-07-14 08:56:10,20.5022,-10.0711,94.05,28,68,12.57
330,Yuryevets,RU,2022-07-14 08:56:10,57.3201,43.1041,69.94,61,39,2.62
331,Tuatapere,NZ,2022-07-14 08:56:11,-46.1333,167.6833,38.12,88,73,4.05
332,Raudeberg,NO,2022-07-14 08:56:11,61.9875,5.1352,50.67,74,100,12.21
333,Campoverde,PE,2022-07-14 08:56:11,-8.4753,-74.8058,71.11,94,100,1.97
334,Skjervoy,NO,2022-07-14 08:56:12,70.0311,20.9714,59.0,89,80,6.78
335,Melfi,IT,2022-07-14 08:56:12,40.9965,15.6514,83.5,23,0,7.05
336,Behbahan,IR,2022-07-14 08:56:12,30.5959,50.2417,112.93,4,0,3.58
337,Morgan City,US,2022-07-14 08:56:13,29.6994,-91.2068,77.0,88,93,4.21
338,Lira,UG,2022-07-14 08:55:09,2.235,32.9097,82.51,38,100,5.73
339,Meadville,US,2022-07-14 08:56:13,41.6414,-80.1515,59.58,98,20,0.0
340,Ankang,CN,2022-07-14 08:56:14,32.68,109.0172,104.92,33,82,4.99
341,Kinsale,IE,2022-07-14 08:56:14,51.7075,-8.5306,64.24,72,40,10.36
342,Miri,MY,2022-07-14 08:56:14,4.4148,114.0089,86.14,79,40,3.44
343,Shirgaon,IN,2022-07-14 08:56:15,19.7,72.7,78.58,94,100,23.87
344,Barmer,IN,2022-07-14 08:56:15,25.75,71.3833,94.75,50,99,10.54
345,Comodoro Rivadavia,AR,2022-07-14 08:54:28,-45.8667,-67.5,30.06,93,0,4.61
346,Consett,GB,2022-07-14 08:56:16,54.854,-1.8316,61.25,68,22,10.6
347,Arkadelphia,US,2022-07-14 08:56:16,34.1209,-93.0538,79.45,97,66,3.04
348,Dunedin,NZ,2022-07-14 08:56:17,-45.8742,170.5036,44.8,69,59,7.0
349,Aljezur,PT,2022-07-14 08:56:17,37.3191,-8.8033,82.74,45,85,6.58
350,Pisco,PE,2022-07-14 08:54:40,-13.7,-76.2167,52.02,89,2,2.77
351,Boffa,GN,2022-07-14 08:56:17,10.1667,-14.0333,76.5,85,98,5.77
352,Bodden Town,KY,2022-07-14 08:56:18,19.2833,-81.25,82.92,87,12,1.01
353,Sabang,ID,2022-07-14 08:56:18,5.8933,95.3214,83.12,77,47,17.31
354,Shahreza,IR,2022-07-14 08:56:19,32.0339,51.8794,85.46,10,0,11.92
355,Copiapo,CL,2022-07-14 08:56:19,-27.3667,-70.3333,49.69,85,91,2.77
356,Sao Miguel,BR,2022-07-14 08:56:20,-5.4667,-35.3667,72.37,91,44,11.16
357,Alofi,NU,2022-07-14 08:56:20,-19.0595,-169.9187,75.09,83,88,6.91
358,Bandrele,YT,2022-07-14 08:56:20,-12.9067,45.1914,82.15,65,20,14.97
359,Mittweida,DE,2022-07-14 08:56:21,50.9833,12.9833,74.93,70,95,6.73
360,Wilmington,US,2022-07-14 08:52:19,34.2257,-77.9447,78.71,89,100,0.0
361,Palasa,IN,2022-07-14 08:56:21,18.7667,84.4167,86.09,66,79,11.59
362,Mount Isa,AU,2022-07-14 08:57:21,-20.7333,139.5,60.57,25,8,10.36
363,Vestmanna,FO,2022-07-14 08:57:22,62.1564,-7.1664,47.32,100,100,2.3
364,Aklavik,CA,2022-07-14 08:57:22,68.2191,-135.0107,37.53,85,100,20.74
365,Mahajanga,MG,2022-07-14 08:57:23,-15.7167,46.3167,86.02,37,0,8.05
366,Livingstone,ZM,2022-07-14 08:57:23,-17.8419,25.8543,73.09,29,1,6.46
367,Phan Thiet,VN,2022-07-14 08:52:54,10.9333,108.1,86.86,65,96,14.65
368,Puerto Escondido,MX,2022-07-14 08:57:24,15.85,-97.0667,77.81,83,73,4.12
369,Nabire,ID,2022-07-14 08:55:05,-3.3667,135.4833,80.19,81,89,1.1
370,Marystown,CA,2022-07-14 08:57:25,47.1666,-55.1483,59.86,100,91,8.46
371,Isangel,VU,2022-07-14 08:57:25,-19.55,169.2667,76.41,88,8,9.66
372,Kidal,ML,2022-07-14 08:57:25,18.4411,1.4078,92.39,34,79,19.19
373,Maniitsoq,GL,2022-07-14 08:57:26,65.4167,-52.9,45.0,71,0,9.31
374,Airai,TL,2022-07-14 08:57:26,-8.9266,125.4092,59.14,84,83,3.38
375,Jaffna,LK,2022-07-14 08:54:48,9.6685,80.0074,83.35,77,63,24.85
376,Arlit,NE,2022-07-14 08:57:27,18.7369,7.3853,100.74,9,4,10.49
377,Rodino,RU,2022-07-14 08:57:27,52.5,80.25,75.58,33,18,2.35
378,Forbes,AU,2022-07-14 08:57:28,-33.3833,148.0167,43.0,76,1,6.82
379,Berlevag,NO,2022-07-14 08:57:28,70.8578,29.0864,71.4,88,93,8.3
380,Tatui,BR,2022-07-14 08:57:28,-23.3556,-47.8569,57.27,95,56,5.46
381,Asau,RO,2022-07-14 08:57:29,46.4333,26.4,81.52,37,24,5.61
382,Gorontalo,ID,2022-07-14 08:57:29,0.5412,123.0595,78.82,93,100,2.42
383,Lewistown,US,2022-07-14 08:56:52,40.5992,-77.5714,68.74,100,11,2.19
384,Pyay,MM,2022-07-14 08:57:30,18.8167,95.2167,87.53,67,80,9.62
385,Moron,AR,2022-07-14 08:57:30,-34.6534,-58.6198,51.96,82,63,7.65
386,Moussoro,TD,2022-07-14 08:57:31,13.6408,16.4901,83.44,52,100,13.47
387,Saint Anthony,US,2022-07-14 08:57:31,45.0205,-93.218,63.72,89,0,4.61
388,Mason City,US,2022-07-14 08:57:32,43.1536,-93.201,65.35,92,32,6.42
389,Namibe,AO,2022-07-14 08:57:32,-15.1961,12.1522,72.36,63,0,3.09
390,Beringovskiy,RU,2022-07-14 08:57:32,63.05,179.3167,48.18,95,100,3.2
391,Praia,CV,2022-07-14 08:54:46,14.9215,-23.5087,75.74,64,75,12.66
392,Den Helder,NL,2022-07-14 08:57:33,52.9599,4.7593,72.01,74,100,8.05
393,Zapadnaya Dvina,RU,2022-07-14 08:57:33,56.259,32.0745,60.48,86,99,7.34
394,Oktyabrskoye,RU,2022-07-14 08:57:34,43.0645,44.7417,78.94,54,100,4.47
395,Trairi,BR,2022-07-14 08:57:34,-3.2778,-39.2689,73.06,93,18,8.55
396,Ostrovnoy,RU,2022-07-14 08:57:35,68.0531,39.5131,70.74,67,93,15.1
397,Turukhansk,RU,2022-07-14 08:57:35,65.8167,87.9833,62.1,42,96,5.57
398,Mayumba,GA,2022-07-14 08:57:36,-3.432,10.6554,74.44,74,85,7.2
399,Kirov,RU,2022-07-14 08:57:36,58.5966,49.6601,69.31,88,100,7.18
400,Chengde,CN,2022-07-14 08:57:37,40.9725,117.9361,90.57,34,48,5.48
401,Inongo,CD,2022-07-14 08:57:37,-1.95,18.2667,76.15,52,13,4.38
402,Kamarai,GR,2022-07-14 08:57:37,38.3,22.0,87.62,30,0,1.99
403,Coahuayana,MX,2022-07-14 08:57:38,18.7333,-103.6833,77.43,94,100,0.92
404,Oakdale,US,2022-07-14 08:57:38,44.963,-92.9649,63.21,90,0,3.44
405,Mizdah,LY,2022-07-14 08:57:39,31.4451,12.9801,81.32,33,0,9.1
406,Miranda,CO,2022-07-14 08:58:39,3.2499,-76.2281,66.33,86,97,4.45
407,Mayor Pablo Lagerenza,PY,2022-07-14 08:58:39,-19.9309,-60.7718,74.23,56,8,11.05
408,Cap Malheureux,MU,2022-07-14 08:58:40,-19.9842,57.6142,73.47,66,38,11.01
409,Oistins,BB,2022-07-14 08:57:03,13.0667,-59.5333,80.69,83,20,14.97
410,Sinnamary,GF,2022-07-14 08:58:40,5.3833,-52.95,75.0,92,100,7.49
411,Rocha,UY,2022-07-14 08:58:41,-34.4833,-54.3333,48.72,88,80,12.21
412,Qaqortoq,GL,2022-07-14 08:58:41,60.7167,-46.0333,49.87,65,100,7.31
413,Elizabeth City,US,2022-07-14 08:58:41,36.2946,-76.2511,75.22,96,99,6.82
414,Evensk,RU,2022-07-14 08:58:42,61.95,159.2333,61.66,78,33,3.29
415,Atakpame,TG,2022-07-14 08:58:42,7.5333,1.1333,74.71,84,98,4.59
416,Oktyabrskiy,RU,2022-07-14 08:58:42,54.4815,53.471,82.42,58,97,5.14
417,Baoqing,CN,2022-07-14 08:58:43,46.3317,132.2111,67.55,95,100,7.34
418,Kawalu,ID,2022-07-14 08:58:43,-7.3817,108.2082,78.55,88,99,3.51
419,Acapulco,MX,2022-07-14 08:58:44,16.8634,-99.8901,77.61,86,99,4.09
420,Saurimo,AO,2022-07-14 08:58:44,-9.6608,20.3916,71.92,43,0,9.22
421,Conakry,GN,2022-07-14 08:58:44,9.538,-13.6773,77.07,100,75,4.61
422,Yuancheng,CN,2022-07-14 08:58:45,36.652,107.7896,73.78,82,100,15.7
423,Colac,AU,2022-07-14 08:58:45,-38.3333,143.5833,48.83,91,65,3.78
424,Warrnambool,AU,2022-07-14 08:58:45,-38.3833,142.4833,50.0,81,12,6.58
425,Fredericton,CA,2022-07-14 08:58:30,45.9454,-66.6656,59.85,80,100,5.75
426,North Bay,CA,2022-07-14 08:54:05,46.3168,-79.4663,59.14,77,0,6.91
427,Sarkand,KZ,2022-07-14 08:58:46,45.41,79.9186,83.52,18,4,8.66
428,Laguna,US,2022-07-14 08:58:46,38.421,-121.4238,71.08,78,0,6.91
429,Sao Borja,BR,2022-07-14 08:58:47,-28.6606,-56.0044,57.94,95,78,9.22
430,Mayo,US,2022-07-14 08:58:47,38.8876,-76.5119,75.97,87,66,1.01
431,Belyy Yar,RU,2022-07-14 08:58:47,53.6039,91.3903,68.86,45,20,4.47
432,Rawson,AR,2022-07-14 08:58:48,-43.3002,-65.1023,42.13,68,100,7.09
433,Dawei,MM,2022-07-14 08:58:48,14.0833,98.2,75.96,96,100,6.58
434,Charlestown,AU,2022-07-14 08:58:49,-32.95,151.6667,54.68,78,87,10.0
435,Filadelfia,US,2022-07-14 08:58:36,39.9523,-75.1638,75.15,86,100,3.33
436,Jales,BR,2022-07-14 08:58:49,-20.2689,-50.5458,63.0,48,14,8.3
437,Senanga,ZM,2022-07-14 08:58:50,-16.1167,23.2667,73.56,27,0,9.57
438,Kuching,MY,2022-07-14 08:58:50,1.55,110.3333,87.22,79,40,7.0
439,Oranjemund,NA,2022-07-14 08:55:17,-28.55,16.4333,60.24,56,0,11.32
440,Corleone,IT,2022-07-14 08:58:50,37.8134,13.3017,84.76,27,0,4.14
441,Westport,US,2022-07-14 08:55:42,41.1415,-73.3579,72.79,84,100,4.0
442,Saintes,FR,2022-07-14 08:58:51,45.6667,-0.75,84.81,24,8,6.17
443,Watsa,CD,2022-07-14 08:58:51,3.0372,29.5355,78.22,66,59,1.5
444,North Bend,US,2022-07-14 08:58:52,43.4065,-124.2243,56.86,97,100,4.61
445,Fremont,US,2022-07-14 08:54:11,37.5483,-121.9886,63.36,85,75,3.44
446,Sur,OM,2022-07-14 08:58:52,22.5667,59.5289,96.33,50,100,7.76
447,Yendi,GH,2022-07-14 08:58:52,9.4427,-0.0099,80.47,74,100,9.42
448,La Asuncion,VE,2022-07-14 08:54:56,11.0333,-63.8628,74.93,100,70,2.3
449,Santarem,BR,2022-07-14 08:58:53,-2.4431,-54.7083,73.53,100,40,2.3
450,Waddan,LY,2022-07-14 08:58:53,29.1614,16.139,83.88,36,0,10.07
451,Muros,ES,2022-07-14 08:59:54,42.7762,-9.0603,82.17,43,100,7.61
452,Grand Gaube,MU,2022-07-14 08:59:54,-20.0064,57.6608,73.8,66,38,7.0
453,Marco,US,2022-07-14 08:56:04,25.9726,-81.729,77.02,96,95,8.41
454,Kutum,SD,2022-07-14 08:59:55,14.2,24.6667,80.17,51,70,6.24
455,La Palma,US,2022-07-14 08:59:55,33.8464,-118.0467,67.08,86,70,1.99
456,Mawlaik,MM,2022-07-14 08:59:55,23.6333,94.4167,94.64,52,71,2.68
457,Aktanysh,RU,2022-07-14 08:59:56,55.7216,54.0829,79.05,67,100,5.64
458,Iqaluit,CA,2022-07-14 08:59:56,63.7506,-68.5145,38.93,86,75,3.44
459,Puerto Penasco,MX,2022-07-14 08:59:57,31.3167,-113.5333,86.92,75,100,15.01
460,Tori Fatehpur,IN,2022-07-14 08:59:57,25.45,79.1333,104.13,28,76,15.88
461,Manta,EC,2022-07-14 08:59:57,-0.95,-80.7333,69.58,88,100,8.05
462,Izvestkovyy,RU,2022-07-14 08:59:58,48.9833,131.55,71.6,95,81,6.04
463,Daru,PG,2022-07-14 08:59:58,-9.0763,143.2092,75.27,75,100,16.2
464,George,ZA,2022-07-14 08:59:59,-33.963,22.4617,56.75,88,40,12.66
465,Hambantota,LK,2022-07-14 08:59:59,6.1241,81.1185,93.54,49,20,20.71
466,Satinka,RU,2022-07-14 08:59:59,52.3792,41.6819,80.96,38,33,7.85
467,Chegdomyn,RU,2022-07-14 09:00:00,51.1167,133.0167,75.96,69,99,3.83
468,Boyolangu,ID,2022-07-14 09:00:00,-8.1181,111.8935,77.97,86,90,8.28
469,Klyuchi,RU,2022-07-14 09:00:01,52.2667,79.1667,71.53,54,68,3.42
470,Batticaloa,LK,2022-07-14 09:00:01,7.7102,81.6924,93.0,43,97,24.14
471,Tura,IN,2022-07-14 09:00:02,25.5198,90.2201,89.31,71,21,1.05
472,Hirara,JP,2022-07-14 09:00:03,24.8,125.2833,85.17,81,100,11.9
473,Geraldton,AU,2022-07-14 09:00:04,-28.7667,114.6,68.41,68,75,19.57
474,Nagahama,JP,2022-07-14 09:00:04,35.3833,136.2667,77.99,100,99,2.21
475,Vilhena,BR,2022-07-14 09:00:05,-12.7406,-60.1458,65.12,60,100,3.0
476,Road Town,VG,2022-07-14 09:00:07,18.4167,-64.6167,81.43,70,29,20.62
477,Yarmouth,US,2022-07-14 09:00:08,41.7057,-70.2286,70.02,94,100,5.01
478,Rancho Cucamonga,US,2022-07-14 08:58:30,34.1064,-117.5931,85.21,68,0,0.0
479,Gravdal,NO,2022-07-14 09:00:10,68.1214,13.5031,50.94,89,100,1.01
480,Portland,US,2022-07-14 08:57:18,45.5234,-122.6762,62.47,81,0,1.01
481,Liverpool,GB,2022-07-14 09:00:10,53.4106,-2.9779,64.11,70,40,17.27
482,Carbondale,US,2022-07-14 08:56:07,37.7273,-89.2168,68.02,94,0,0.0
483,Kholodnyy,RU,2022-07-14 09:00:11,62.7167,147.95,68.27,62,100,6.06
484,Bara,NG,2022-07-14 09:00:12,10.3744,10.7288,78.4,78,99,14.14
485,Seredka,RU,2022-07-14 09:00:12,58.1584,28.1858,62.35,87,100,9.28
486,Priargunsk,RU,2022-07-14 09:00:13,50.3691,119.1012,65.91,91,100,6.6
487,Uttiramerur,IN,2022-07-14 09:00:13,12.6,79.7667,96.4,33,100,19.73
488,Razole,IN,2022-07-14 09:00:14,16.4833,81.8333,88.7,55,43,15.84
489,Vieux-Habitants,GP,2022-07-14 09:00:14,16.0589,-61.7659,78.71,78,73,9.46
490,Kenai,US,2022-07-14 09:00:15,60.5544,-151.2583,57.02,90,100,11.45
491,El Vigia,VE,2022-07-14 09:00:15,8.6219,-71.6506,72.23,82,83,4.85
492,Roanoke Rapids,US,2022-07-14 09:00:16,36.4615,-77.6542,73.35,100,0,3.44
493,Hay River,CA,2022-07-14 09:00:16,60.8156,-115.7999,53.06,71,45,9.66
494,Khandyga,RU,2022-07-14 09:00:17,62.6667,135.6,79.09,64,47,2.8
495,Qeshm,IR,2022-07-14 09:00:18,26.9581,56.2719,102.07,55,75,4.56
496,Hofn,IS,2022-07-14 09:01:19,64.2539,-15.2082,52.83,64,33,6.62
497,San Roque,ES,2022-07-14 09:01:19,36.2107,-5.3842,74.23,78,20,10.36
498,Hit,IQ,2022-07-14 09:01:20,33.6416,42.8251,107.2,11,0,20.8
499,Deder,ET,2022-07-14 09:01:20,9.3167,41.45,65.23,63,99,3.02
500,Tsaratanana,MG,2022-07-14 09:01:21,-16.7833,47.65,80.01,40,3,11.77
501,Vilyuysk,RU,2022-07-14 09:01:21,63.7553,121.6247,78.37,53,63,4.92
502,Takoradi,GH,2022-07-14 09:01:21,4.8845,-1.7554,75.25,86,100,9.71
503,Kasane,BW,2022-07-14 09:01:22,-17.8167,25.15,73.63,27,1,6.64
504,Ocos,GT,2022-07-14 09:01:22,14.5094,-92.1933,73.24,94,100,9.53
505,Inzer,RU,2022-07-14 09:01:22,54.2167,57.5556,87.85,41,12,4.56
506,Morondava,MG,2022-07-14 09:01:23,-20.2833,44.2833,78.58,47,0,9.93
507,Petropavl,KZ,2022-07-14 09:01:23,54.8753,69.1628,84.18,37,0,8.95
508,Noormarkku,FI,2022-07-14 09:01:23,61.5927,21.8685,60.58,77,40,13.8
509,Forrest City,US,2022-07-14 09:01:24,35.0081,-90.7898,73.04,74,0,5.14
510,Sisimiut,GL,2022-07-14 09:01:24,66.9395,-53.6735,46.67,71,3,8.03
511,Sault Sainte Marie,CA,2022-07-14 08:57:48,46.5168,-84.3333,53.42,94,20,6.91
512,Ryotsu,JP,2022-07-14 09:01:25,38.0833,138.4333,79.05,81,100,6.2
513,El Cobre,CU,2022-07-14 09:01:25,20.0489,-75.9469,70.93,90,0,3.87
514,San Juan Bautista,PE,2022-07-14 08:59:18,-14.0108,-75.7358,55.36,77,2,7.36
515,Umba,RU,2022-07-14 09:01:26,66.6871,34.3429,56.82,99,100,4.59
516,Samfya,ZM,2022-07-14 09:01:26,-11.3649,29.5565,72.59,39,6,7.81
517,Otavalo,EC,2022-07-14 09:01:27,0.2333,-78.2667,47.32,84,93,3.96
518,Iwanai,JP,2022-07-14 09:01:27,42.9744,140.5089,72.99,77,88,5.28
519,Thomasville,US,2022-07-14 09:01:27,35.8826,-80.082,70.41,97,83,4.56
520,Matara,LK,2022-07-14 09:01:28,5.9485,80.5353,84.81,65,27,15.61
521,Santo Tomas,PH,2022-07-14 09:01:28,14.1079,121.1414,84.56,82,91,1.5
522,Tahe,CN,2022-07-14 09:01:28,52.3333,124.7333,70.84,79,99,2.04
523,Ambon,ID,2022-07-14 09:00:22,-3.6954,128.1814,78.94,89,75,5.75
524,Gazimurskiy Zavod,RU,2022-07-14 09:01:29,51.5461,118.3266,61.97,98,100,4.07
