City_ID,City,Country,Date,Lat,Lng,Max Temp,Humidity,Cloudiness,Wind Speed,weather description
0,Neuquen,AR,2022-07-22 22:58:34,-38.9516,-68.0591,51.69,50,0,5.75,light rain
1,Husavik,IS,2022-07-22 22:58:35,66.0449,-17.3389,48.25,90,28,4.32,scattered clouds
2,Ushuaia,AR,2022-07-22 22:54:09,-54.8,-68.3,35.26,93,100,21.85,light rain
3,Castro,BR,2022-07-22 22:57:37,-24.7911,-50.0119,59.0,71,81,2.19,broken clouds
4,Bengkulu,ID,2022-07-22 22:54:07,-3.8004,102.2655,75.02,87,80,4.36,broken clouds
5,Thompson,CA,2022-07-22 22:57:38,55.7435,-97.8558,59.16,77,100,6.91,overcast clouds
6,Barrow,US,2022-07-22 22:58:36,71.2906,-156.7887,41.02,87,100,11.5,mist
7,Nikolskoye,RU,2022-07-22 22:58:36,59.7035,30.7861,67.91,79,16,5.64,few clouds
8,Shelburne,CA,2022-07-22 22:56:43,44.0787,-80.2041,80.11,46,25,8.7,scattered clouds
9,Bathsheba,BB,2022-07-22 22:57:40,13.2167,-59.5167,83.01,85,20,13.8,few clouds
10,Helong,CN,2022-07-22 22:56:42,42.5397,128.9972,66.27,97,72,2.57,broken clouds
11,Esperance,AU,2022-07-22 22:57:41,-33.8667,121.9,55.56,67,62,16.49,broken clouds
12,Mataura,NZ,2022-07-22 22:54:14,-46.1927,168.8643,36.48,80,13,2.93,few clouds
13,Omoljica,RS,2022-07-22 22:57:42,44.7606,20.7281,75.42,23,0,3.58,clear sky
14,Hobart,AU,2022-07-22 22:57:42,-42.8794,147.3294,52.27,86,75,1.14,broken clouds
15,Saldanha,ZA,2022-07-22 22:57:43,-33.0117,17.9442,53.65,89,100,8.86,light rain
16,Luderitz,NA,2022-07-22 22:57:43,-26.6481,15.1594,58.12,68,49,15.12,scattered clouds
17,Rikitea,PF,2022-07-22 22:54:08,-23.1203,-134.9692,72.09,75,100,9.84,overcast clouds
18,Tessalit,ML,2022-07-22 22:57:44,20.1986,1.0114,95.25,21,21,7.67,few clouds
19,Busselton,AU,2022-07-22 22:54:10,-33.65,115.3333,59.47,80,73,20.87,light rain
20,Yellowknife,CA,2022-07-22 22:54:06,62.456,-114.3525,70.32,46,20,13.8,few clouds
21,Bejar,ES,2022-07-22 22:57:45,40.3864,-5.7634,69.75,16,14,1.01,few clouds
22,Gorontalo,ID,2022-07-22 22:57:45,0.5412,123.0595,76.89,88,9,3.06,clear sky
23,Punta Arenas,CL,2022-07-22 22:57:46,-53.15,-70.9167,37.51,75,0,17.27,clear sky
24,Richards Bay,ZA,2022-07-22 22:57:46,-28.783,32.0377,66.15,85,0,12.17,clear sky
25,Albany,US,2022-07-22 22:57:47,42.6001,-73.9662,85.78,56,46,4.65,scattered clouds
26,Kodiak,US,2022-07-22 22:57:47,57.79,-152.4072,51.08,79,73,6.11,broken clouds
27,Brandfort,ZA,2022-07-22 22:54:12,-28.7001,26.4597,45.81,48,5,5.84,clear sky
28,Liverpool,GB,2022-07-22 22:57:48,53.4106,-2.9779,62.62,93,75,2.3,broken clouds
29,Hilo,US,2022-07-22 22:56:34,19.7297,-155.09,86.29,88,31,1.01,scattered clouds
30,Ribeira Grande,PT,2022-07-22 22:57:48,38.5167,-28.7,73.65,89,80,5.73,broken clouds
31,Kapaa,US,2022-07-22 22:57:49,22.0752,-159.319,84.18,69,16,7.0,few clouds
32,Na Klang,TH,2022-07-22 22:57:49,17.3072,102.1889,74.75,99,100,4.61,overcast clouds
33,Demba,CD,2022-07-22 22:57:50,-5.51,22.2667,78.37,36,94,2.44,overcast clouds
34,Bambous Virieux,MU,2022-07-22 22:57:50,-20.3428,57.7575,66.45,100,75,10.36,light rain
35,Butaritari,KI,2022-07-22 22:57:50,3.0707,172.7902,81.37,75,47,9.62,scattered clouds
36,Jamestown,US,2022-07-22 22:57:51,42.097,-79.2353,79.72,59,0,10.69,clear sky
37,Tabas,IR,2022-07-22 22:57:51,33.5959,56.9244,90.23,13,0,5.86,clear sky
38,Kibala,TD,2022-07-22 22:58:44,9.1104,18.3463,73.35,94,0,5.75,clear sky
39,Conde,BR,2022-07-22 22:57:52,-7.2597,-34.9075,74.66,88,0,5.75,clear sky
40,East London,ZA,2022-07-22 22:57:52,-33.0153,27.9116,66.42,50,29,11.68,scattered clouds
41,Broome,US,2022-07-22 22:56:36,42.2506,-75.833,83.07,67,75,1.01,broken clouds
42,Srednekolymsk,RU,2022-07-22 22:57:53,67.45,153.6833,53.01,49,8,13.24,clear sky
43,Carnarvon,AU,2022-07-22 22:57:53,-24.8667,113.6333,61.65,67,6,9.53,clear sky
44,Saint George,US,2022-07-22 22:55:26,37.1041,-113.5841,110.62,13,0,17.27,clear sky
45,Tutoia,BR,2022-07-22 22:57:54,-2.7619,-42.2744,80.47,78,67,11.65,broken clouds
46,Port Alfred,ZA,2022-07-22 22:57:54,-33.5906,26.891,62.31,67,100,10.89,overcast clouds
47,Kijang,KR,2022-07-22 22:59:47,35.2442,129.2139,76.73,84,25,5.12,scattered clouds
48,Sanmenxia,CN,2022-07-22 22:59:48,34.7747,111.1814,67.24,89,19,2.3,few clouds
49,Olafsvik,IS,2022-07-22 22:59:48,64.8945,-23.7142,53.78,80,31,4.16,scattered clouds
50,Portland,US,2022-07-22 22:56:04,45.5234,-122.6762,80.56,52,61,4.0,broken clouds
51,Kalas,IN,2022-07-22 22:59:49,18.1667,74.8,73.33,81,100,9.26,overcast clouds
52,Atuona,PF,2022-07-22 22:59:49,-9.8,-139.0333,77.7,77,11,14.9,few clouds
53,Fortuna,US,2022-07-22 22:59:50,40.5982,-124.1573,69.93,70,6,3.0,clear sky
54,Lata,PT,2022-07-22 22:59:50,40.1629,-8.3327,57.85,92,4,0.6,clear sky
55,Sydney,AU,2022-07-22 22:56:42,-33.8679,151.2073,56.23,93,75,8.05,light intensity shower rain
56,Tuktoyaktuk,CA,2022-07-22 22:59:51,69.4541,-133.0374,73.4,46,75,8.05,broken clouds
57,Ixtapa,MX,2022-07-22 22:59:51,20.7,-105.2,91.22,55,59,3.0,broken clouds
58,Puerto Ayora,EC,2022-07-22 22:59:52,-0.7393,-90.3518,78.76,85,38,7.0,scattered clouds
59,Yantal,RU,2022-07-22 22:59:52,56.8471,105.2542,61.27,94,100,2.98,overcast clouds
60,Huilong,CN,2022-07-22 22:59:53,31.8111,121.655,83.93,90,96,8.88,overcast clouds
61,Hermanus,ZA,2022-07-22 22:59:53,-34.4187,19.2345,53.8,83,100,12.97,light rain
62,Simdega,IN,2022-07-22 22:59:54,22.6167,84.5167,75.06,94,100,2.84,overcast clouds
63,Hare Bay,CA,2022-07-22 22:59:54,48.8499,-54.0148,79.95,73,34,9.33,scattered clouds
64,Cascais,PT,2022-07-22 22:55:27,38.6979,-9.4215,69.66,75,20,24.0,few clouds
65,Khatanga,RU,2022-07-22 22:59:55,71.9667,102.5,41.81,89,100,15.19,light rain
66,Pevek,RU,2022-07-22 22:59:55,69.7008,170.3133,32.92,89,98,5.7,overcast clouds
67,Hithadhoo,MV,2022-07-22 22:59:55,-0.6,73.0833,81.84,72,100,7.85,overcast clouds
68,Necochea,AR,2022-07-22 22:59:56,-38.5473,-58.7368,44.04,89,85,6.55,overcast clouds
69,Klaksvik,FO,2022-07-22 22:59:56,62.2266,-6.589,50.92,84,100,7.49,overcast clouds
70,Linping,CN,2022-07-22 22:59:57,30.4225,120.2972,87.94,79,69,6.06,broken clouds
71,Khasan,RU,2022-07-22 22:59:57,42.4308,130.6434,65.44,96,100,5.55,overcast clouds
72,Birao,CF,2022-07-22 22:59:57,10.2849,22.7882,71.73,94,18,6.67,few clouds
73,Skjervoy,NO,2022-07-22 22:59:58,70.0311,20.9714,51.8,81,100,15.73,light rain
74,Provideniya,RU,2022-07-22 22:59:58,64.3833,-173.3,46.24,79,76,6.85,broken clouds
75,Shaikhpura,IN,2022-07-22 22:59:59,25.15,85.85,83.66,77,95,8.21,overcast clouds
76,Vaini,TO,2022-07-22 22:59:59,-21.2,-175.2,75.36,94,40,9.22,scattered clouds
77,Zhenjiang,CN,2022-07-22 22:59:59,32.2092,119.4342,83.14,87,97,7.2,overcast clouds
78,Manzanillo,CU,2022-07-22 22:57:03,20.3433,-77.1167,76.87,90,79,7.9,broken clouds
79,Faya,SA,2022-07-22 23:00:01,18.3851,42.4509,70.18,46,93,4.16,overcast clouds
80,Cabo San Lucas,MX,2022-07-22 23:00:01,22.8909,-109.9124,99.61,61,66,11.59,broken clouds
81,Berlevag,NO,2022-07-22 23:00:02,70.8578,29.0864,53.55,82,100,18.41,overcast clouds
82,Namibe,AO,2022-07-22 23:00:03,-15.1961,12.1522,62.65,82,4,3.96,clear sky
83,Mar Del Plata,AR,2022-07-22 22:56:06,-38.0023,-57.5575,48.87,89,68,4.61,mist
84,Tombouctou,ML,2022-07-22 23:00:04,20.0,-3.0,98.98,20,22,4.56,few clouds
85,Kenora,CA,2022-07-22 22:59:47,49.8167,-94.4337,77.97,47,75,11.5,broken clouds
86,Tocopilla,CL,2022-07-22 23:00:06,-22.092,-70.1979,62.17,76,99,9.82,overcast clouds
87,Airai,TL,2022-07-22 23:00:07,-8.9266,125.4092,55.15,73,92,3.02,overcast clouds
88,Van,TR,2022-07-22 23:00:08,38.4924,43.3831,65.89,41,0,2.95,clear sky
89,Qaanaaq,GL,2022-07-22 23:00:08,77.484,-69.3632,37.9,94,100,7.99,light rain
90,Cape Town,ZA,2022-07-22 22:57:03,-33.9258,18.4232,55.89,91,75,6.91,light rain
91,Russell,US,2022-07-22 23:01:10,32.3502,-85.1999,76.37,94,75,6.91,thunderstorm with light rain
92,Bredasdorp,ZA,2022-07-22 23:01:10,-34.5322,20.0403,55.13,91,100,9.31,light rain
93,Arraial Do Cabo,BR,2022-07-22 23:01:11,-22.9661,-42.0278,71.62,87,2,17.74,clear sky
94,Tasiilaq,GL,2022-07-22 23:01:12,65.6145,-37.6368,37.56,73,34,7.94,scattered clouds
95,Beringovskiy,RU,2022-07-22 23:01:12,63.05,179.3167,46.89,87,100,9.57,light rain
96,Kolpashevo,RU,2022-07-22 23:01:12,58.3131,82.9089,49.44,93,78,12.08,broken clouds
97,Narsaq,GL,2022-07-22 23:01:13,60.9167,-46.05,50.34,74,42,4.56,scattered clouds
98,Leningradskiy,RU,2022-07-22 23:01:14,69.3833,178.4167,37.99,83,89,9.06,overcast clouds
99,Avarua,CK,2022-07-22 23:01:14,-21.2078,-159.775,78.85,78,80,5.75,broken clouds
100,Porto Santo,PT,2022-07-22 22:57:28,33.072,-16.3415,70.18,73,75,11.5,broken clouds
101,Bethel,US,2022-07-22 23:01:15,41.3712,-73.414,87.55,67,75,8.05,broken clouds
102,Nemuro,JP,2022-07-22 23:01:15,43.3236,145.575,58.05,98,100,15.17,overcast clouds
103,Georgetown,MY,2022-07-22 22:57:10,5.4112,100.3354,78.89,97,20,0.0,few clouds
104,Havre-Saint-Pierre,CA,2022-07-22 23:01:17,50.2334,-63.5986,64.76,88,20,5.75,few clouds
105,Puri,IN,2022-07-22 23:01:17,19.8,85.85,79.32,82,100,5.61,overcast clouds
106,Bluff,NZ,2022-07-22 23:01:18,-46.6,168.3333,37.8,81,8,6.33,clear sky
107,Oyama,JP,2022-07-22 23:01:19,36.3,139.8,84.58,81,74,3.87,broken clouds
108,Emba,KZ,2022-07-22 23:01:20,48.8264,58.1442,72.39,50,56,3.74,broken clouds
109,Cherskiy,RU,2022-07-22 23:01:21,68.75,161.3,48.96,53,14,4.18,few clouds
110,Constitucion,CL,2022-07-22 23:01:22,-35.3333,-72.4167,53.67,93,30,8.16,scattered clouds
111,Manoel Urbano,BR,2022-07-22 23:01:23,-8.8389,-69.2597,81.07,63,73,4.14,broken clouds
112,Severo-Kurilsk,RU,2022-07-22 23:01:23,50.6789,156.125,55.47,90,52,6.38,broken clouds
113,Yorkton,CA,2022-07-22 22:59:03,51.2167,-102.4677,71.44,64,75,3.44,broken clouds
114,Maceio,BR,2022-07-22 22:57:08,-9.6658,-35.7353,74.64,94,100,5.75,overcast clouds
115,Longyearbyen,SJ,2022-07-22 22:56:33,78.2186,15.6401,48.04,87,75,2.3,broken clouds
116,Saskylakh,RU,2022-07-22 23:01:25,71.9167,114.0833,53.08,59,92,7.65,overcast clouds
117,Moree,AU,2022-07-22 23:01:25,-29.4667,149.85,59.18,57,0,11.34,clear sky
118,Yaan,NG,2022-07-22 23:01:26,7.3833,8.5667,72.19,95,99,6.4,light rain
119,Ostrovnoy,RU,2022-07-22 23:01:26,68.0531,39.5131,51.78,89,98,16.82,overcast clouds
120,Bojnurd,IR,2022-07-22 23:01:27,37.4747,57.329,70.65,88,15,6.24,few clouds
121,Cap-Haitien,HT,2022-07-22 23:01:14,19.7578,-72.2042,82.2,78,80,4.07,broken clouds
122,Chokurdakh,RU,2022-07-22 23:01:29,70.6333,147.9167,52.86,49,99,13.67,overcast clouds
123,Kruisfontein,ZA,2022-07-22 23:01:30,-34.0033,24.7314,49.89,79,100,6.31,overcast clouds
124,Inta,RU,2022-07-22 23:01:31,66.0317,60.1659,41.0,89,78,8.01,broken clouds
125,Hasaki,JP,2022-07-22 23:01:32,35.7333,140.8333,84.29,77,0,17.45,clear sky
126,Gotsu,JP,2022-07-22 23:01:32,35.0,132.2167,74.21,86,57,3.89,broken clouds
127,Bolkhov,RU,2022-07-22 23:01:32,53.4433,36.0044,57.34,94,16,7.74,few clouds
128,Champerico,GT,2022-07-22 23:01:33,14.3,-91.9167,83.91,76,36,10.78,scattered clouds
129,Grindavik,IS,2022-07-22 23:01:33,63.8424,-22.4338,50.47,100,75,5.75,fog
130,Touros,BR,2022-07-22 22:57:51,-5.1989,-35.4608,75.6,85,100,13.98,overcast clouds
131,New Norfolk,AU,2022-07-22 23:01:35,-42.7826,147.0587,51.93,85,100,2.35,overcast clouds
132,Adrar,MR,2022-07-22 23:02:36,20.5022,-10.0711,87.73,46,41,19.51,light rain
133,Rosarito,MX,2022-07-22 23:02:37,32.3333,-117.0333,82.63,69,93,8.08,overcast clouds
134,Kahului,US,2022-07-22 23:02:38,20.8947,-156.47,85.96,80,5,10.0,clear sky
135,Hofn,IS,2022-07-22 23:02:38,64.2539,-15.2082,51.94,91,58,6.38,broken clouds
136,Ponta Do Sol,PT,2022-07-22 23:02:39,32.6667,-17.1,71.71,81,15,4.72,few clouds
137,Rawson,AR,2022-07-22 23:02:40,-43.3002,-65.1023,41.22,35,98,4.0,overcast clouds
138,Jinxiang,CN,2022-07-22 23:00:27,27.4327,120.6062,82.62,82,7,4.56,clear sky
139,Sabang,ID,2022-07-22 23:02:41,5.8933,95.3214,81.3,74,100,3.94,light rain
140,Mporokoso,ZM,2022-07-22 23:02:41,-9.3727,30.125,62.87,49,94,9.98,overcast clouds
141,Clearwater,US,2022-07-22 23:02:42,27.9659,-82.8001,92.21,66,0,8.99,clear sky
142,Denpasar,ID,2022-07-22 22:58:37,-8.65,115.2167,78.46,83,40,12.66,scattered clouds
143,Tiksi,RU,2022-07-22 23:02:42,71.6872,128.8694,46.4,80,87,7.4,overcast clouds
144,Lebu,CL,2022-07-22 23:02:43,-37.6167,-73.65,53.28,97,100,12.17,overcast clouds
145,Eureka,US,2022-07-22 22:59:27,40.8021,-124.1637,80.67,74,11,8.01,few clouds
146,Ulladulla,AU,2022-07-22 23:02:43,-35.35,150.4667,55.04,85,81,5.77,broken clouds
147,Raudeberg,NO,2022-07-22 23:02:44,61.9875,5.1352,57.87,86,86,22.91,overcast clouds
148,Awjilah,LY,2022-07-22 23:02:44,29.1081,21.2869,77.63,59,0,15.75,clear sky
149,Kamenka,RU,2022-07-22 23:02:45,51.3223,42.7678,57.49,91,97,6.51,overcast clouds
150,Ranong,TH,2022-07-22 23:02:45,9.9658,98.6348,77.34,85,93,3.78,moderate rain
151,Lagoa,PT,2022-07-22 23:02:45,39.05,-27.9833,72.16,91,100,8.66,overcast clouds
152,Tevaitoa,PF,2022-07-22 23:02:46,-16.7833,-151.5,77.99,75,20,9.57,few clouds
153,Chuy,UY,2022-07-22 23:02:46,-33.6971,-53.4616,54.43,98,92,4.88,overcast clouds
154,Gizo,SB,2022-07-22 23:02:47,-8.103,156.8419,83.35,71,2,6.93,light rain
155,Utiel,ES,2022-07-22 23:02:48,39.5667,-1.2,74.16,49,84,2.82,broken clouds
156,Upernavik,GL,2022-07-22 23:02:48,72.7868,-56.1549,42.6,94,100,19.42,overcast clouds
157,Ilulissat,GL,2022-07-22 23:02:49,69.2167,-51.1,42.6,95,100,4.63,light rain
158,Mehamn,NO,2022-07-22 23:02:49,71.0357,27.8492,53.51,82,40,14.97,scattered clouds
159,Sitka,US,2022-07-22 23:02:50,57.0531,-135.33,55.09,86,100,5.08,overcast clouds
160,Vanavara,RU,2022-07-22 23:02:50,60.34,102.2797,62.89,70,100,4.36,overcast clouds
161,Cockburn Town,TC,2022-07-22 23:01:45,21.4612,-71.1419,82.04,79,100,18.79,overcast clouds
162,Cherkasskoye,RU,2022-07-22 23:02:51,52.4333,47.2167,57.2,91,72,5.73,broken clouds
163,Qatana,SY,2022-07-22 23:02:51,33.4354,36.0815,68.43,43,0,2.91,clear sky
164,Baykit,RU,2022-07-22 23:02:52,61.67,96.37,61.29,89,99,2.55,overcast clouds
165,Kaitangata,NZ,2022-07-22 23:02:52,-46.2817,169.8464,40.3,86,13,2.84,few clouds
166,Houston,US,2022-07-22 22:59:15,29.7633,-95.3633,90.95,70,0,10.36,clear sky
167,Komaki,JP,2022-07-22 23:02:53,35.2833,136.9167,82.04,66,20,9.22,few clouds
168,Collie,AU,2022-07-22 23:02:53,-33.3667,116.15,53.33,94,52,9.48,light rain
169,Taksimo,RU,2022-07-22 23:02:54,56.3444,114.8794,70.66,79,88,1.97,overcast clouds
170,Makakilo City,US,2022-07-22 23:02:54,21.3469,-158.0858,82.69,66,0,15.84,clear sky
171,Chulym,RU,2022-07-22 23:02:54,55.0997,80.9572,51.58,94,37,6.26,scattered clouds
172,Graaff-Reinet,ZA,2022-07-22 23:02:55,-32.2522,24.5308,62.92,38,100,10.09,overcast clouds
173,Iqaluit,CA,2022-07-22 23:02:55,63.7506,-68.5145,40.12,85,98,8.08,overcast clouds
174,Karlskoga,SE,2022-07-22 23:02:56,59.3267,14.5239,54.72,93,100,7.18,overcast clouds
175,Salinas,US,2022-07-22 23:02:56,36.6777,-121.6555,98.56,59,0,14.97,clear sky
176,Zhigansk,RU,2022-07-22 23:02:56,66.7697,123.3711,54.54,88,100,5.97,light rain
177,Strzelce Krajenskie,PL,2022-07-22 23:02:57,52.8773,15.5298,64.92,76,94,2.55,overcast clouds
178,Iwaki,JP,2022-07-22 23:02:57,37.05,140.8833,78.76,94,97,2.84,overcast clouds
179,Kaa-Khem,RU,2022-07-22 23:02:59,51.6833,94.7333,58.62,80,41,5.41,moderate rain
180,Beyneu,KZ,2022-07-22 23:02:59,45.3167,55.2,77.07,53,79,18.57,light rain
181,Victoria,HK,2022-07-22 23:02:59,22.2855,114.1577,88.32,82,44,7.52,scattered clouds
182,Piskivka,UA,2022-07-22 23:04:00,50.6938,29.6193,59.81,83,4,4.27,clear sky
183,Souillac,MU,2022-07-22 23:01:34,-20.5167,57.5167,68.38,88,75,10.36,light rain
184,Igbon,PH,2022-07-22 23:04:01,11.2142,123.1655,81.1,80,66,2.39,broken clouds
185,Narasannapeta,IN,2022-07-22 23:04:01,18.4167,84.05,80.37,87,100,2.82,overcast clouds
186,Bayanga,PH,2022-07-22 23:04:01,7.5214,124.2522,72.46,92,68,0.51,broken clouds
187,Mount Gambier,AU,2022-07-22 23:04:02,-37.8333,140.7667,51.31,98,100,8.9,overcast clouds
188,Mariental,NA,2022-07-22 22:59:39,-24.6333,17.9667,59.49,34,0,10.36,clear sky
189,Tecoanapa,MX,2022-07-22 23:04:03,16.5167,-98.75,85.08,69,97,6.87,overcast clouds
190,Kavaratti,IN,2022-07-22 23:04:04,10.5669,72.642,81.09,77,100,19.46,overcast clouds
191,Loveland,US,2022-07-22 22:59:13,40.3978,-105.075,100.11,18,0,5.99,clear sky
192,Sisophon,KH,2022-07-22 23:04:06,13.5859,102.9737,75.33,90,100,3.09,overcast clouds
193,Opuwo,NA,2022-07-22 23:04:06,-18.0607,13.84,60.31,34,0,5.01,clear sky
194,Roebourne,AU,2022-07-22 23:04:07,-20.7833,117.1333,67.77,66,0,7.83,clear sky
195,Lensk,RU,2022-07-22 23:04:07,60.7253,114.9278,65.88,82,92,3.09,overcast clouds
196,Katsuura,JP,2022-07-22 23:04:08,35.1333,140.3,80.02,78,0,19.28,clear sky
197,Jumla,NP,2022-07-22 23:04:08,29.2747,82.1838,62.82,96,100,0.6,light rain
198,Najran,SA,2022-07-22 23:04:09,17.4924,44.1277,83.95,43,100,6.53,overcast clouds
199,Orotukan,RU,2022-07-22 23:04:10,62.2667,151.7,62.42,49,29,1.34,scattered clouds
200,Hambantota,LK,2022-07-22 23:04:11,6.1241,81.1185,78.91,83,95,19.04,overcast clouds
201,Vanderhoof,CA,2022-07-22 23:04:11,54.0166,-124.0198,77.56,30,97,7.09,overcast clouds
202,Jacareacanga,BR,2022-07-22 23:04:12,-6.2222,-57.7528,82.89,47,66,3.09,broken clouds
203,Nanortalik,GL,2022-07-22 23:04:12,60.1432,-45.2371,46.65,84,23,4.07,few clouds
204,Kargasok,RU,2022-07-22 23:04:13,59.0556,80.8572,48.61,93,18,12.26,few clouds
205,Mahebourg,MU,2022-07-22 23:04:13,-20.4081,57.7,68.29,88,75,10.36,broken clouds
206,Boa Vista,BR,2022-07-22 23:04:13,2.8197,-60.6733,82.38,74,20,4.61,few clouds
207,Walvis Bay,NA,2022-07-22 22:59:38,-22.9575,14.5053,72.55,28,0,13.8,clear sky
208,Acapulco,MX,2022-07-22 23:00:51,16.8634,-99.8901,84.13,75,94,6.29,overcast clouds
209,Saint Anthony,US,2022-07-22 23:04:14,45.0205,-93.218,95.18,40,0,11.5,clear sky
210,Lisakovsk,KZ,2022-07-22 23:04:15,52.5369,62.4936,62.46,65,60,3.98,broken clouds
211,Maragogi,BR,2022-07-22 23:03:03,-9.0122,-35.2225,74.39,86,100,8.14,overcast clouds
212,Cam Ranh,VN,2022-07-22 23:04:15,11.9214,109.1591,76.96,78,20,4.61,few clouds
213,Kalmunai,LK,2022-07-22 23:04:16,7.4167,81.8167,78.22,87,92,4.92,overcast clouds
214,Kavieng,PG,2022-07-22 23:04:16,-2.5744,150.7967,82.6,76,28,10.49,light rain
215,Nalut,LY,2022-07-22 23:04:17,30.3333,10.85,80.08,26,0,14.63,clear sky
216,Faanui,PF,2022-07-22 23:04:17,-16.4833,-151.75,78.19,73,20,9.51,few clouds
217,Axim,GH,2022-07-22 23:04:18,4.8699,-2.2405,75.15,77,72,8.25,broken clouds
218,Petropavlovsk-Kamchatskiy,RU,2022-07-22 23:04:18,53.0452,158.6483,59.59,72,75,8.95,broken clouds
219,Teya,RU,2022-07-22 23:04:19,60.3778,92.6267,56.98,97,94,3.74,overcast clouds
220,Duldurga,RU,2022-07-22 23:04:19,50.6761,113.5931,63.72,82,100,2.13,overcast clouds
221,Dwarka,IN,2022-07-22 23:04:20,22.2394,68.9678,81.77,83,79,21.03,broken clouds
222,Irbeyskoye,RU,2022-07-22 23:04:20,55.6428,95.4522,57.11,92,1,4.05,clear sky
223,Tarnos,FR,2022-07-22 23:04:21,43.5417,-1.4628,70.11,68,100,10.36,overcast clouds
224,Ola,RU,2022-07-22 23:04:21,59.5833,151.2833,71.15,65,43,1.66,scattered clouds
225,Lakatoro,VU,2022-07-22 23:04:22,-16.0999,167.4164,80.89,81,77,13.33,broken clouds
226,Seoul,KR,2022-07-22 23:05:22,37.5683,126.9778,76.39,75,99,1.95,overcast clouds
227,Yar-Sale,RU,2022-07-22 23:05:23,66.8333,70.8333,44.65,95,100,14.41,overcast clouds
228,Petatlan,MX,2022-07-22 23:05:23,17.5167,-101.2667,87.6,67,98,5.57,overcast clouds
229,Oktyabrskoye,RU,2022-07-22 23:05:24,43.0645,44.7417,62.74,93,100,4.47,light intensity drizzle
230,Ust-Uda,RU,2022-07-22 23:05:24,54.1742,103.0304,58.93,98,100,1.83,overcast clouds
231,Pangnirtung,CA,2022-07-22 23:05:24,66.1451,-65.7125,54.72,56,9,3.0,clear sky
232,Lanivtsi,UA,2022-07-22 23:05:25,49.8633,26.0908,64.63,70,63,3.67,broken clouds
233,Mirnyy,RU,2022-07-22 23:05:25,62.5353,113.9611,64.72,77,100,4.12,overcast clouds
234,Nyurba,RU,2022-07-22 23:05:26,63.2842,118.3319,66.4,81,100,4.03,overcast clouds
235,Namatanai,PG,2022-07-22 23:05:26,-3.6667,152.4333,83.17,64,10,6.71,clear sky
236,Port Elizabeth,ZA,2022-07-22 23:05:27,-33.918,25.5701,58.32,84,100,13.0,overcast clouds
237,Marfino,RU,2022-07-22 23:05:27,55.7028,37.3822,64.54,72,0,6.71,clear sky
238,Kysyl-Syr,RU,2022-07-22 23:05:28,63.8986,122.7617,66.83,74,100,4.81,overcast clouds
239,Mgandu,TZ,2022-07-22 23:05:28,-5.95,34.1333,56.64,68,3,8.55,clear sky
240,Mount Hagen,PG,2022-07-22 23:05:28,-5.8581,144.2274,65.61,78,12,1.3,few clouds
241,Quatre Cocos,MU,2022-07-22 23:05:29,-20.2078,57.7625,68.11,79,17,13.69,few clouds
242,Tadine,NC,2022-07-22 23:05:29,-21.55,167.8833,77.23,84,80,18.28,light rain
243,Paamiut,GL,2022-07-22 23:05:30,61.994,-49.6678,46.0,85,6,10.63,clear sky
244,Sao Filipe,CV,2022-07-22 23:05:30,14.8961,-24.4956,75.18,81,72,1.83,broken clouds
245,Lorengau,PG,2022-07-22 23:01:22,-2.0226,147.2712,82.89,78,33,10.38,scattered clouds
246,Nome,US,2022-07-22 23:05:31,64.5011,-165.4064,49.15,87,100,10.36,overcast clouds
247,Broken Hill,AU,2022-07-22 23:05:31,-31.95,141.4333,56.14,67,99,8.86,overcast clouds
248,Vao,NC,2022-07-22 23:05:31,-22.6667,167.4833,74.55,88,89,24.7,moderate rain
249,Semarang,ID,2022-07-22 23:05:32,-6.9932,110.4203,76.93,83,96,5.75,overcast clouds
250,Vostochnyy,RU,2022-07-22 23:05:32,55.8167,37.8667,64.58,78,2,4.7,clear sky
251,Cap Malheureux,MU,2022-07-22 23:05:33,-19.9842,57.6142,66.47,81,1,3.0,clear sky
252,Tuatapere,NZ,2022-07-22 23:05:33,-46.1333,167.6833,42.1,84,13,4.0,few clouds
253,Grand Gaube,MU,2022-07-22 23:04:17,-20.0064,57.6608,68.4,81,1,3.0,clear sky
254,Mangrol,IN,2022-07-22 23:05:34,21.1167,70.1167,80.71,82,90,16.15,light rain
255,Merauke,ID,2022-07-22 23:05:35,-8.4667,140.3333,76.51,88,100,10.92,overcast clouds
256,Omboue,GA,2022-07-22 23:05:35,-1.5746,9.2618,70.48,83,63,8.01,broken clouds
257,Half Moon Bay,US,2022-07-22 23:01:11,37.4636,-122.4286,91.89,72,0,20.71,haze
258,Fairbanks,US,2022-07-22 23:02:12,64.8378,-147.7164,62.1,68,100,1.99,overcast clouds
259,Mushie,CD,2022-07-22 23:05:36,-3.0167,16.9,75.81,71,73,3.02,light rain
260,Lugo,ES,2022-07-22 23:05:36,43.0,-7.5,58.48,97,4,3.91,clear sky
261,Jieshi,CN,2022-07-22 23:05:36,22.8134,115.8257,84.27,76,6,6.11,clear sky
262,Vrbno Pod Pradedem,CZ,2022-07-22 23:05:37,50.1209,17.3832,65.77,66,1,0.98,clear sky
263,Saint-Philippe,RE,2022-07-22 23:03:01,-21.3585,55.7679,69.39,84,47,14.32,light rain
264,Kedrovka,RU,2022-07-22 23:05:38,55.5333,86.05,58.08,97,99,6.85,overcast clouds
265,Jalu,LY,2022-07-22 23:02:02,29.0331,21.5482,77.68,56,0,14.92,clear sky
266,San Patricio,US,2022-07-22 23:01:38,28.017,-97.5169,95.72,46,2,16.64,clear sky
267,Cabedelo,BR,2022-07-22 23:05:38,-6.9811,-34.8339,74.07,80,95,13.6,overcast clouds
268,Wipperfurth,DE,2022-07-22 23:05:39,51.1167,7.4,62.58,90,74,4.05,broken clouds
269,Vanimo,PG,2022-07-22 23:05:39,-2.6741,141.3028,81.05,77,54,4.41,broken clouds
270,Atar,MR,2022-07-22 23:06:40,20.5169,-13.0499,87.03,52,92,3.67,moderate rain
271,Baker City,US,2022-07-22 23:06:40,44.7749,-117.8344,85.59,26,0,10.36,clear sky
272,Lompoc,US,2022-07-22 23:03:02,34.6391,-120.4579,75.85,72,0,21.99,mist
273,Kristiinankaupunki,FI,2022-07-22 23:06:41,62.2743,21.376,57.83,88,100,7.99,overcast clouds
274,Houma,US,2022-07-22 23:05:03,29.5958,-90.7195,89.02,78,40,4.61,scattered clouds
275,Manjacaze,MZ,2022-07-22 23:01:43,-24.7117,33.8828,60.13,96,0,3.94,clear sky
276,Talnakh,RU,2022-07-22 23:06:43,69.4865,88.3972,65.21,52,50,3.87,scattered clouds
277,Wenling,CN,2022-07-22 23:06:44,28.3669,121.36,82.02,86,27,6.44,scattered clouds
278,Ketchikan,US,2022-07-22 23:06:45,55.3422,-131.6461,66.67,63,75,11.5,broken clouds
279,Geraldton,AU,2022-07-22 23:06:46,-28.7667,114.6,54.01,82,100,13.8,overcast clouds
280,Alyangula,AU,2022-07-22 23:06:47,-13.8483,136.4192,69.1,55,80,12.15,broken clouds
281,Thoen,TH,2022-07-22 23:06:48,17.6129,99.2161,73.38,99,100,1.1,overcast clouds
282,Smithers,CA,2022-07-22 23:06:49,54.7804,-127.1743,77.18,33,12,6.06,few clouds
283,Gornopravdinsk,RU,2022-07-22 23:06:50,60.05,69.9,48.04,94,55,3.67,broken clouds
284,La Libertad,EC,2022-07-22 23:06:50,-2.2333,-80.9,67.66,88,100,10.36,overcast clouds
285,Obo,CF,2022-07-22 23:06:52,5.3998,26.4869,67.44,99,100,5.55,light rain
286,Taltal,CL,2022-07-22 23:06:53,-25.4,-70.4833,57.09,85,100,3.33,overcast clouds
287,Taoudenni,ML,2022-07-22 23:06:53,22.6783,-3.9836,99.77,14,31,2.39,scattered clouds
288,Beloha,MG,2022-07-22 23:06:54,-25.1667,45.05,63.59,77,0,9.15,clear sky
289,Port Hardy,CA,2022-07-22 23:03:17,50.6996,-127.4199,60.78,76,99,13.42,overcast clouds
290,Walcz,PL,2022-07-22 23:06:55,53.2779,16.4712,62.69,93,66,2.57,broken clouds
291,Coquimbo,CL,2022-07-22 23:02:59,-29.9533,-71.3436,56.28,88,12,1.9,few clouds
292,Marathon,US,2022-07-22 23:06:42,44.9,-89.7668,87.04,52,20,9.22,few clouds
293,Filingue,NE,2022-07-22 23:06:56,14.3521,3.3168,89.47,45,100,11.03,overcast clouds
294,Dingle,PH,2022-07-22 23:06:56,10.9995,122.6711,79.32,88,82,3.36,broken clouds
295,Sur,OM,2022-07-22 23:06:57,22.5667,59.5289,86.16,69,90,10.11,overcast clouds
296,Lixourion,GR,2022-07-22 23:06:57,38.2019,20.4314,77.67,68,0,6.76,clear sky
297,Fort Dodge,US,2022-07-22 23:06:57,42.4975,-94.168,91.81,55,0,11.5,clear sky
298,Oeiras,BR,2022-07-22 23:06:59,-7.0253,-42.1311,83.16,41,100,8.48,overcast clouds
299,Roma,US,2022-07-22 23:07:00,43.2128,-75.4557,84.34,45,0,5.75,clear sky
300,El Tigre,VE,2022-07-22 23:05:45,8.8875,-64.2454,81.77,60,50,11.43,scattered clouds
301,Northam,GB,2022-07-22 23:07:00,51.0333,-4.2167,60.39,92,52,4.72,broken clouds
302,Lodwar,KE,2022-07-22 23:07:01,3.1191,35.5973,80.76,38,22,15.43,few clouds
303,Novovorontsovka,UA,2022-07-22 23:07:01,47.5004,33.9175,62.96,80,2,11.77,clear sky
304,Uvinza,TZ,2022-07-22 23:07:02,-5.1036,30.3911,67.03,54,2,3.04,clear sky
305,Quarai,BR,2022-07-22 23:07:02,-30.3875,-56.4514,63.07,96,100,8.68,moderate rain
306,Verkhoyansk,RU,2022-07-22 23:07:03,67.5447,133.385,69.4,68,97,7.74,overcast clouds
307,Tura,IN,2022-07-22 23:07:03,25.5198,90.2201,74.84,92,98,3.33,overcast clouds
308,Yelizovo,RU,2022-07-22 23:07:03,53.1873,158.3805,60.94,72,75,8.99,broken clouds
309,Torrijos,ES,2022-07-22 23:07:04,39.9819,-4.2835,81.52,14,86,7.29,overcast clouds
310,Roald,NO,2022-07-22 23:07:04,62.5833,6.1333,57.33,87,75,19.57,broken clouds
311,Okha,RU,2022-07-22 23:07:05,53.5739,142.9478,59.83,67,98,9.1,overcast clouds
312,Tamandare,BR,2022-07-22 23:07:05,-8.7597,-35.1047,74.62,84,99,7.76,overcast clouds
313,Luanda,AO,2022-07-22 23:06:48,-8.8368,13.2343,68.0,94,75,2.3,broken clouds
314,Ondjiva,AO,2022-07-22 23:07:06,-17.0667,15.7333,58.91,33,0,5.28,clear sky
315,Ayan,RU,2022-07-22 23:07:06,56.45,138.1667,61.12,83,39,9.78,scattered clouds
316,Ca Mau,VN,2022-07-22 23:05:14,9.1769,105.15,75.58,90,100,1.14,overcast clouds
317,Bandar-E Lengeh,IR,2022-07-22 23:08:07,26.5579,54.8807,91.63,72,82,7.94,broken clouds
318,Boende,CD,2022-07-22 23:08:07,-0.2167,20.8667,70.86,95,100,2.77,overcast clouds
319,Pisco,PE,2022-07-22 23:05:04,-13.7,-76.2167,60.85,82,20,4.61,mist
320,Udachnyy,RU,2022-07-22 23:04:06,66.4167,112.4,58.82,76,4,1.68,clear sky
321,Namtsy,RU,2022-07-22 23:08:08,62.7161,129.6658,69.19,68,91,3.53,overcast clouds
322,Fortuna Foothills,US,2022-07-22 23:08:09,32.6578,-114.4119,113.22,19,20,12.66,few clouds
323,Bodrum,TR,2022-07-22 23:07:04,37.0383,27.4292,80.08,46,0,8.77,clear sky
324,Gwadar,PK,2022-07-22 23:08:09,25.1216,62.3254,82.35,83,94,10.98,overcast clouds
325,Tiangua,BR,2022-07-22 23:08:10,-3.7322,-40.9917,74.3,54,95,4.09,overcast clouds
326,Oleksandrivka,UA,2022-07-22 23:08:10,48.9634,32.2349,59.76,92,1,7.43,clear sky
327,Long Xuyen,VN,2022-07-22 23:08:11,10.3833,105.4167,76.95,89,96,2.21,overcast clouds
328,Oistins,BB,2022-07-22 23:06:31,13.0667,-59.5333,80.69,74,20,10.36,few clouds
329,Umm Kaddadah,SD,2022-07-22 23:08:11,13.6017,26.6876,86.72,40,21,8.72,few clouds
330,Norman Wells,CA,2022-07-22 23:08:11,65.282,-126.8329,79.61,33,97,7.74,overcast clouds
331,Hovd,MN,2022-07-22 23:08:12,48.0056,91.6419,60.96,54,35,6.22,scattered clouds
332,Egvekinot,RU,2022-07-22 23:08:12,66.3167,-179.1667,38.1,83,100,10.18,overcast clouds
333,Alofi,NU,2022-07-22 23:08:13,-19.0595,-169.9187,76.33,77,80,6.82,broken clouds
334,Hangha,SL,2022-07-22 23:08:13,7.9411,-11.14,70.9,99,97,1.88,overcast clouds
335,Vila Velha,BR,2022-07-22 23:04:59,-20.3297,-40.2925,73.35,91,40,4.61,scattered clouds
336,Talcahuano,CL,2022-07-22 23:08:14,-36.7167,-73.1167,51.48,100,100,3.44,light rain
337,Kudahuvadhoo,MV,2022-07-22 23:08:14,2.6708,72.8944,82.27,75,98,15.55,overcast clouds
338,Kachiry,KZ,2022-07-22 23:08:15,53.0675,76.1036,55.87,93,15,7.38,few clouds
339,Klyuchi,RU,2022-07-22 23:08:15,52.2667,79.1667,61.86,72,20,5.39,few clouds
340,Vestmannaeyjar,IS,2022-07-22 23:08:16,63.4427,-20.2734,51.31,90,100,2.73,overcast clouds
341,Bonga,ET,2022-07-22 23:08:16,7.2833,36.2333,60.93,97,98,0.69,overcast clouds
342,Flin Flon,CA,2022-07-22 23:08:16,54.7682,-101.865,58.84,77,100,3.44,smoke
343,Cayenne,GF,2022-07-22 23:08:17,4.9333,-52.3333,83.08,1,77,1.99,broken clouds
344,Khor,RU,2022-07-22 23:08:17,47.8861,134.9464,62.73,86,91,7.43,overcast clouds
345,Gushikawa,JP,2022-07-22 23:08:18,26.3544,127.8686,85.62,89,100,9.22,overcast clouds
346,Ancud,CL,2022-07-22 23:08:18,-41.8697,-73.8203,41.23,97,100,18.43,moderate rain
347,Aykhal,RU,2022-07-22 23:08:18,66.0,111.5,61.47,69,8,4.0,clear sky
348,Birnin Kebbi,NG,2022-07-22 23:08:19,12.4539,4.1975,81.68,69,100,7.38,overcast clouds
349,Alice Springs,AU,2022-07-22 23:08:20,-23.7,133.8833,45.95,53,1,2.3,clear sky
350,Vestmanna,FO,2022-07-22 23:08:20,62.1564,-7.1664,49.12,87,100,3.44,overcast clouds
351,Altay,CN,2022-07-22 23:08:20,47.8667,88.1167,59.29,77,73,1.21,broken clouds
352,Santa Catalina,PH,2022-07-22 23:08:21,9.3337,122.8637,80.83,80,62,1.68,broken clouds
353,Hinton,CA,2022-07-22 23:08:22,53.4001,-117.5857,69.39,49,100,3.47,overcast clouds
354,Frontino,CO,2022-07-22 23:08:22,6.7801,-76.1288,65.88,98,97,2.64,overcast clouds
355,Lima,PE,2022-07-22 23:05:39,-12.0432,-77.0282,62.91,75,100,9.22,overcast clouds
356,Port Hedland,AU,2022-07-22 23:06:56,-20.3167,118.5667,66.25,100,40,6.91,scattered clouds
357,Heinola,FI,2022-07-22 23:08:23,61.2056,26.0381,64.99,88,23,5.28,few clouds
358,Hlotse,LS,2022-07-22 23:05:17,-28.8718,28.045,45.0,57,0,2.93,clear sky
359,Bonavista,CA,2022-07-22 23:08:24,48.6499,-53.1147,64.51,78,30,13.85,scattered clouds
360,Lethem,GY,2022-07-22 23:08:24,3.3803,-59.7968,76.35,89,88,7.29,overcast clouds
361,Springbok,ZA,2022-07-22 23:08:25,-29.6643,17.8865,50.18,54,99,4.21,overcast clouds
362,Scarborough,GB,2022-07-22 23:09:25,54.2797,-0.4044,56.77,86,100,4.0,overcast clouds
363,Villazon,BO,2022-07-22 23:09:26,-22.0866,-65.5942,50.41,13,30,4.32,scattered clouds
364,Cidreira,BR,2022-07-22 23:09:27,-30.1811,-50.2056,62.94,94,98,5.66,light rain
365,Monterey,US,2022-07-22 23:09:28,36.2505,-121.2516,98.19,10,21,16.78,few clouds
366,North Myrtle Beach,US,2022-07-22 23:08:26,33.816,-78.68,80.06,91,40,8.05,thunderstorm
367,Quilmana,PE,2022-07-22 23:09:28,-12.95,-76.3833,62.08,82,25,1.72,scattered clouds
368,Isangel,VU,2022-07-22 23:09:29,-19.55,169.2667,78.31,78,100,14.83,light rain
369,Honiara,SB,2022-07-22 23:09:29,-9.4333,159.95,85.6,61,1,1.88,clear sky
370,Ahipara,NZ,2022-07-22 23:09:30,-35.1667,173.1667,57.09,70,100,12.03,overcast clouds
371,Sao Joao Da Barra,BR,2022-07-22 23:04:41,-21.6403,-41.0511,71.87,86,0,14.45,clear sky
372,Puerto Del Rosario,ES,2022-07-22 23:09:30,28.5004,-13.8627,73.15,88,20,13.8,few clouds
373,Xuddur,SO,2022-07-22 23:09:31,4.1213,43.8894,69.64,74,44,16.53,scattered clouds
374,Laguna,US,2022-07-22 23:09:31,38.421,-121.4238,105.31,16,0,10.36,clear sky
375,Talaya,RU,2022-07-22 23:09:32,61.3833,152.75,62.02,44,9,3.02,clear sky
376,San Carlos De Bariloche,AR,2022-07-22 23:09:32,-41.1456,-71.3082,39.43,60,100,4.83,light rain
377,Salalah,OM,2022-07-22 23:09:32,17.0151,54.0924,77.09,94,100,5.75,overcast clouds
378,Great Yarmouth,GB,2022-07-22 23:09:33,52.6083,1.7305,61.02,79,60,5.73,broken clouds
379,Krasnoselkup,RU,2022-07-22 23:09:33,65.7,82.4667,52.2,94,83,9.33,broken clouds
380,Zhezkazgan,KZ,2022-07-22 23:09:34,47.8043,67.7144,70.88,33,28,8.08,scattered clouds
381,Los Llanos De Aridane,ES,2022-07-22 23:08:18,28.6585,-17.9182,67.75,83,0,16.11,clear sky
382,San Quintin,MX,2022-07-22 23:07:01,30.4833,-115.95,73.31,65,93,15.97,overcast clouds
383,Alto Araguaia,BR,2022-07-22 23:09:34,-17.3147,-53.2153,71.74,37,5,1.97,clear sky
384,Zlitan,LY,2022-07-22 23:09:35,32.4674,14.5687,77.79,63,0,6.6,clear sky
385,Baglan,AF,2022-07-22 23:09:35,36.1307,68.7083,87.17,16,4,2.64,clear sky
386,Saint-Augustin,CA,2022-07-22 23:09:24,51.226,-58.6502,57.72,91,100,11.27,overcast clouds
387,The Valley,AI,2022-07-22 23:09:33,18.217,-63.0578,82.81,69,75,11.5,broken clouds
388,Te Anau,NZ,2022-07-22 23:09:37,-45.4167,167.7167,38.62,86,58,1.59,broken clouds
389,Mao,ES,2022-07-22 23:09:38,39.8885,4.2658,77.56,94,0,5.75,clear sky
390,Kaeo,NZ,2022-07-22 23:09:38,-35.1,173.7833,56.14,71,91,15.46,overcast clouds
391,Yamada,JP,2022-07-22 23:09:39,39.4667,141.95,75.76,91,58,3.89,broken clouds
392,Sacramento,US,2022-07-22 23:09:40,38.4666,-121.3177,104.29,16,0,10.36,clear sky
393,Singaparna,ID,2022-07-22 23:09:40,-7.3515,108.111,69.58,97,100,0.72,overcast clouds
394,Clyde River,CA,2022-07-22 23:09:32,70.4692,-68.5914,54.09,52,100,6.85,overcast clouds
395,Puerto Santander,CO,2022-07-22 23:09:42,8.3636,-72.4063,85.41,65,64,2.28,broken clouds
396,Kapit,MY,2022-07-22 23:09:43,2.0167,112.9333,72.93,99,98,0.89,overcast clouds
397,Basco,PH,2022-07-22 23:09:43,20.4487,121.9702,85.12,74,35,8.34,scattered clouds
398,Emborion,GR,2022-07-22 23:09:44,40.4833,21.55,71.29,53,0,1.21,clear sky
399,Statesville,US,2022-07-22 23:07:53,35.7826,-80.8873,92.25,60,0,3.44,clear sky
400,Vallendar,DE,2022-07-22 23:09:45,50.4,7.6167,70.2,86,96,2.57,overcast clouds
401,Moron,AR,2022-07-22 23:09:46,-34.6534,-58.6198,58.01,83,4,6.42,clear sky
402,Deputatskiy,RU,2022-07-22 23:09:46,69.3,139.9,53.78,47,96,9.57,overcast clouds
403,Sayat,TM,2022-07-22 23:09:47,38.7839,63.8803,89.83,14,0,11.61,clear sky
404,Pimentel,PE,2022-07-22 23:09:47,-6.8367,-79.9342,64.69,72,20,13.8,few clouds
405,Dunmore,US,2022-07-22 23:05:02,41.4198,-75.6324,84.07,60,0,9.22,clear sky
406,Road Town,VG,2022-07-22 23:08:06,18.4167,-64.6167,82.49,72,2,18.07,clear sky
407,Goderich,CA,2022-07-22 23:09:51,43.7501,-81.7165,81.91,61,0,11.99,clear sky
408,Tolaga Bay,NZ,2022-07-22 23:09:52,-38.3667,178.3,52.39,72,100,8.52,overcast clouds
409,Aripuana,BR,2022-07-22 23:11:27,-9.1667,-60.6333,79.77,44,19,1.1,few clouds
410,Ocos,GT,2022-07-22 23:13:31,14.5094,-92.1933,87.98,75,74,9.35,broken clouds
411,Abu Dhabi,AE,2022-07-22 23:13:31,24.4667,54.3667,100.51,51,0,3.44,clear sky
412,Dawei,MM,2022-07-22 23:13:32,14.0833,98.2,75.4,92,100,3.29,overcast clouds
413,Bridlington,GB,2022-07-22 23:09:44,54.0831,-0.1919,60.89,82,100,6.93,overcast clouds
414,Valparaiso,CL,2022-07-22 23:13:32,-33.0393,-71.6273,53.24,92,75,8.05,broken clouds
415,Shakawe,BW,2022-07-22 23:13:33,-18.3667,21.85,56.88,52,24,5.21,few clouds
416,Awbari,LY,2022-07-22 23:13:33,26.5921,12.7805,80.62,20,0,7.16,clear sky
417,Kochi,IN,2022-07-22 23:11:53,9.9399,76.2602,77.02,88,100,6.06,overcast clouds
418,Anchorage,US,2022-07-22 23:08:50,61.2181,-149.9003,55.92,79,100,9.22,light rain
419,San Lorenzo,PY,2022-07-22 23:13:34,-25.3333,-57.5333,79.74,61,0,3.44,clear sky
420,Kurilsk,RU,2022-07-22 23:13:34,45.2333,147.8833,59.72,91,100,1.86,overcast clouds
421,Ishigaki,JP,2022-07-22 23:13:35,24.3448,124.1572,84.87,78,61,12.37,broken clouds
422,Komsomolskiy,UZ,2022-07-22 23:13:35,40.4272,71.7189,79.52,38,0,2.3,clear sky
423,Masuda,JP,2022-07-22 23:13:35,34.6667,131.85,74.71,85,53,2.55,broken clouds
424,Belmonte,BR,2022-07-22 23:13:36,-15.8631,-38.8828,71.78,83,29,8.55,scattered clouds
425,Nikel,RU,2022-07-22 23:13:36,69.4128,30.222,53.78,83,76,8.21,light rain
426,Estancia,BR,2022-07-22 23:13:37,-11.2683,-37.4383,69.06,94,72,2.77,broken clouds
427,Martapura,ID,2022-07-22 23:13:37,-3.4167,114.85,73.49,94,53,2.3,broken clouds
428,Lavrentiya,RU,2022-07-22 23:13:37,65.5833,-171.0,44.28,87,100,10.92,overcast clouds
429,Port Lincoln,AU,2022-07-22 23:13:38,-34.7333,135.8667,52.2,76,41,5.64,scattered clouds
430,Dikson,RU,2022-07-22 23:13:38,73.5069,80.5464,51.62,78,88,14.0,overcast clouds
431,Gazli,UZ,2022-07-22 23:13:38,40.1333,63.45,94.84,15,0,20.2,clear sky
432,Buin,CL,2022-07-22 23:13:39,-33.7333,-70.75,62.2,63,0,2.01,clear sky
433,Nara,JP,2022-07-22 23:13:39,34.6851,135.8049,77.92,56,72,4.92,broken clouds
434,Bubaque,GW,2022-07-22 23:13:40,11.2833,-15.8333,78.48,87,100,18.79,light rain
435,Anadyr,RU,2022-07-22 23:13:40,64.75,177.4833,48.49,70,91,13.51,overcast clouds
436,Ulaanbaatar,MN,2022-07-22 23:09:17,47.9077,106.8832,51.93,87,20,0.0,few clouds
437,Johnson City,US,2022-07-22 23:09:50,36.3134,-82.3535,90.01,59,0,6.91,clear sky
438,Liwale,TZ,2022-07-22 23:13:41,-9.7667,37.9333,61.21,94,40,0.4,scattered clouds
439,Shadegan,IR,2022-07-22 23:13:41,30.6497,48.6647,100.98,11,3,13.58,clear sky
440,Henties Bay,NA,2022-07-22 23:13:42,-22.116,14.2845,57.9,81,0,6.15,clear sky
441,Uribia,CO,2022-07-22 23:13:42,11.7139,-72.266,87.01,52,54,20.27,broken clouds
442,Viedma,AR,2022-07-22 23:13:42,-40.8135,-62.9967,44.55,60,99,7.96,light rain
443,Neiafu,TO,2022-07-22 23:13:43,-18.65,-173.9833,81.28,65,40,8.05,scattered clouds
444,Koulikoro,ML,2022-07-22 23:13:43,14.0,-7.75,79.18,70,76,4.54,light rain
445,Meulaboh,ID,2022-07-22 23:13:44,4.1363,96.1285,76.98,85,100,5.3,overcast clouds
446,Carbonia,IT,2022-07-22 23:13:44,39.1672,8.5222,81.01,50,0,3.94,clear sky
447,Ajdabiya,LY,2022-07-22 23:13:45,30.7554,20.2263,77.14,69,0,10.8,clear sky
448,Port Blair,IN,2022-07-22 23:13:45,11.6667,92.75,80.64,83,100,6.46,light rain
449,Bambanglipuro,ID,2022-07-22 23:13:46,-7.95,110.2833,73.36,88,82,4.74,broken clouds
450,High Level,CA,2022-07-22 23:13:46,58.5169,-117.136,73.89,32,24,4.45,few clouds
451,Adre,TD,2022-07-22 23:13:47,13.4667,22.2,74.88,77,51,8.97,broken clouds
452,Antofagasta,CL,2022-07-22 23:09:37,-23.65,-70.4,56.48,83,99,6.69,overcast clouds
453,Lebyazhye,RU,2022-07-22 23:13:48,55.2689,66.4947,56.5,92,36,7.18,scattered clouds
454,Labuhan,ID,2022-07-22 23:13:49,-6.8844,112.2051,74.66,85,60,7.2,broken clouds
455,Vizinga,RU,2022-07-22 23:13:49,61.0749,50.1031,56.55,77,65,3.38,broken clouds
456,Porangatu,BR,2022-07-22 23:13:50,-13.4408,-49.1486,76.78,33,3,1.92,clear sky
457,Fallon,US,2022-07-22 23:14:50,39.4735,-118.7774,98.47,3,20,17.27,few clouds
458,Badvel,IN,2022-07-22 23:14:51,14.75,79.05,78.8,81,100,3.56,moderate rain
459,Coihaique,CL,2022-07-22 23:14:51,-45.5752,-72.0662,19.35,86,20,3.44,few clouds
460,Khandyga,RU,2022-07-22 23:14:52,62.6667,135.6,66.63,92,100,1.74,overcast clouds
461,Sao Paulo De Olivenca,BR,2022-07-22 23:14:52,-3.3783,-68.8725,73.9,97,86,1.14,overcast clouds
462,Lufkin,US,2022-07-22 23:14:18,31.3382,-94.7291,84.33,89,0,4.61,clear sky
463,Pomabamba,PE,2022-07-22 23:14:53,-8.8333,-77.4667,57.04,47,33,4.52,scattered clouds
464,Dawson Creek,CA,2022-07-22 23:11:36,55.7666,-120.2362,71.01,47,39,4.34,scattered clouds
465,Machali,CL,2022-07-22 23:14:53,-34.1833,-70.6667,54.93,56,8,2.46,clear sky
466,Namie,JP,2022-07-22 23:14:54,37.4833,141.0,80.71,81,87,2.04,overcast clouds
467,Cachoeira Do Sul,BR,2022-07-22 23:14:54,-30.0392,-52.8939,65.64,92,78,3.65,moderate rain
468,Takab,IR,2022-07-22 23:14:55,36.4009,47.1133,62.64,29,0,4.94,clear sky
469,Kincardine,GB,2022-07-22 23:14:55,56.0667,-3.7167,58.98,95,100,3.69,overcast clouds
470,Tulsipur,NP,2022-07-22 23:14:55,28.131,82.2973,75.42,83,100,2.98,overcast clouds
471,Belyy Yar,RU,2022-07-22 23:14:56,53.6039,91.3903,58.89,88,0,4.47,clear sky
472,Sevierville,US,2022-07-22 23:14:56,35.8681,-83.5618,95.41,52,0,0.0,clear sky
473,Neftegorsk,RU,2022-07-22 23:14:57,52.802,51.166,65.84,63,75,6.44,broken clouds
474,Calama,CL,2022-07-22 23:14:57,-22.4667,-68.9333,61.29,17,0,10.36,clear sky
475,Batie,BF,2022-07-22 23:14:57,9.8833,-2.9167,72.7,91,73,3.31,moderate rain
476,Yara,CU,2022-07-22 23:14:58,20.2753,-76.9533,75.85,94,87,6.69,overcast clouds
477,Nueva Guinea,NI,2022-07-22 23:14:58,11.6876,-84.4562,74.57,94,100,9.37,overcast clouds
478,Mundo Nuevo,MX,2022-07-22 23:14:59,18.7,-95.5,84.85,74,10,14.14,clear sky
479,Puerto Escondido,MX,2022-07-22 23:14:29,15.85,-97.0667,85.03,65,75,5.75,broken clouds
480,Det Udom,TH,2022-07-22 23:14:59,14.906,105.0784,76.82,88,100,2.3,overcast clouds
481,Grand-Bourg,GP,2022-07-22 23:15:00,15.8835,-61.3148,80.55,74,2,16.44,clear sky
482,College,US,2022-07-22 23:15:00,64.8569,-147.8028,62.55,63,75,6.91,broken clouds
483,Port Pirie,AU,2022-07-22 23:15:01,-33.1833,138.0167,55.85,70,25,6.51,scattered clouds
484,Inongo,CD,2022-07-22 23:15:01,-1.95,18.2667,67.59,96,100,7.58,overcast clouds
485,Xihe,CN,2022-07-22 23:15:01,31.6864,113.4659,71.74,95,100,4.03,moderate rain
486,Hami,CN,2022-07-22 23:15:02,42.8,93.45,79.09,19,0,3.83,clear sky
487,San Juan Del Sur,NI,2022-07-22 23:15:02,11.2529,-85.8705,75.42,94,75,0.0,moderate rain
488,Burhanpur,IN,2022-07-22 23:15:03,21.3,76.2333,74.84,92,100,7.78,overcast clouds
489,Sepolno Krajenskie,PL,2022-07-22 23:15:03,53.452,17.5317,62.08,93,11,3.18,few clouds
490,Pueblo Nuevo,MX,2022-07-22 23:15:04,23.3833,-105.3833,64.17,86,71,1.92,broken clouds
491,Simao,CN,2022-07-22 23:15:04,22.7886,100.9748,63.45,98,77,2.3,broken clouds
492,Matara,LK,2022-07-22 23:15:04,5.9485,80.5353,77.59,89,99,13.47,overcast clouds
493,Wanaka,NZ,2022-07-22 23:15:05,-44.7,169.15,35.11,85,14,1.99,few clouds
494,Dunedin,NZ,2022-07-22 23:14:45,-45.8742,170.5036,48.79,65,12,8.99,few clouds
495,Haines Junction,CA,2022-07-22 23:15:06,60.7522,-137.5108,62.55,39,86,11.5,overcast clouds
496,Mahon,ES,2022-07-22 23:15:06,39.8885,4.2658,77.56,94,0,5.75,clear sky
497,Vung Tau,VN,2022-07-22 23:11:19,10.346,107.0843,79.47,83,100,5.39,overcast clouds
498,Semenivka,UA,2022-07-22 23:15:06,52.1783,32.5818,58.3,92,1,7.74,clear sky
499,Mitsamiouli,KM,2022-07-22 23:10:42,-11.3847,43.2844,75.15,75,0,5.21,clear sky
500,Burnie,AU,2022-07-22 23:15:07,-41.0667,145.9167,54.95,84,100,13.13,overcast clouds
501,Glens Falls,US,2022-07-22 23:10:17,43.3095,-73.644,87.96,46,0,10.36,clear sky
502,Toora-Khem,RU,2022-07-22 23:15:08,52.4675,96.11,51.76,90,86,3.02,overcast clouds
503,Kasukabe,JP,2022-07-22 23:15:08,35.9764,139.7536,87.98,83,37,4.83,scattered clouds
504,Hargeysa,SO,2022-07-22 23:13:22,9.56,44.065,68.72,59,54,29.44,broken clouds
505,Bud,US,2022-07-22 23:15:09,39.447,-86.1758,91.92,51,33,2.26,scattered clouds
506,Corvallis,US,2022-07-22 23:16:09,44.5646,-123.262,79.27,54,0,8.01,clear sky
507,Tomatlan,MX,2022-07-22 23:16:10,19.9333,-105.25,86.97,69,91,10.56,overcast clouds
508,Ponta Delgada,PT,2022-07-22 23:13:13,37.7333,-25.6667,74.5,83,20,5.75,few clouds
509,Aegviidu,EE,2022-07-22 23:16:10,59.2858,25.6142,65.77,93,5,1.01,clear sky
510,Dzhubga,RU,2022-07-22 23:16:11,44.3211,38.7039,70.02,74,40,8.32,scattered clouds
511,Chicama,PE,2022-07-22 23:16:11,-7.8447,-79.1469,59.54,78,5,8.75,clear sky
512,Aden,YE,2022-07-22 23:16:12,12.7794,45.0367,81.91,78,30,8.37,scattered clouds
513,Abha,SA,2022-07-22 23:16:13,18.2164,42.5053,68.25,64,20,4.61,few clouds
514,Nicoya,CR,2022-07-22 23:11:52,10.1483,-85.452,77.88,89,95,2.26,overcast clouds
515,Wentzville,US,2022-07-22 23:16:13,38.8114,-90.8529,102.85,42,10,5.01,clear sky
516,Lingao,CN,2022-07-22 23:16:14,19.9103,109.6859,81.95,83,15,4.18,few clouds
517,Montepuez,MZ,2022-07-22 23:16:14,-13.1256,38.9997,62.29,87,25,5.97,scattered clouds
518,Inhambane,MZ,2022-07-22 23:16:15,-23.865,35.3833,66.06,82,0,3.67,clear sky
519,Uvat,RU,2022-07-22 23:16:15,59.1433,68.8953,47.32,91,29,4.74,scattered clouds
520,Santiago De Cao,PE,2022-07-22 23:16:15,-7.9589,-79.2392,60.93,82,20,11.5,fog
521,Sisimiut,GL,2022-07-22 23:15:51,66.9395,-53.6735,47.44,80,100,2.95,overcast clouds
522,Chimore,BO,2022-07-22 23:16:16,-16.9833,-65.1333,76.55,68,99,2.71,overcast clouds
523,Bandarbeyla,SO,2022-07-22 23:16:16,9.4942,50.8122,77.13,78,37,29.64,scattered clouds
524,Le Port,RE,2022-07-22 23:16:17,-20.9373,55.2919,70.25,60,8,7.56,clear sky
525,Izhma,RU,2022-07-22 23:16:17,65.0083,53.9113,54.27,53,73,7.47,broken clouds
526,Jaisalmer,IN,2022-07-22 23:16:18,26.9147,70.9181,83.48,78,100,7.25,light rain
527,Boulder City,US,2022-07-22 23:13:37,35.9786,-114.8325,112.44,10,100,17.47,overcast clouds
528,Nishihara,JP,2022-07-22 23:14:36,26.1842,127.7558,85.68,84,75,11.5,broken clouds
529,Ushtobe,KZ,2022-07-22 23:16:19,45.2514,77.9838,73.51,40,1,5.23,clear sky
530,Pacific Grove,US,2022-07-22 23:16:19,36.6177,-121.9166,83.01,75,0,10.36,clear sky
531,Adeje,ES,2022-07-22 23:16:19,28.1227,-16.726,72.88,78,40,17.27,scattered clouds
532,Taitung,TW,2022-07-22 23:16:20,22.7583,121.1444,82.67,69,0,3.44,clear sky
533,Wahiawa,US,2022-07-22 23:16:21,21.5028,-158.0236,84.52,58,75,6.91,broken clouds
534,Kieta,PG,2022-07-22 23:16:21,-6.2167,155.6333,83.73,62,4,3.58,clear sky
535,Sibolga,ID,2022-07-22 23:16:21,1.7427,98.7792,75.22,87,93,4.29,overcast clouds
536,Sirari,TZ,2022-07-22 23:16:22,-1.2333,34.4333,60.55,62,61,6.71,broken clouds
537,Kitimat,CA,2022-07-22 23:16:22,54.0524,-128.6534,77.38,56,69,1.99,broken clouds
538,Itupiranga,BR,2022-07-22 23:13:06,-5.1347,-49.3267,77.32,49,27,0.98,scattered clouds
539,Camargo,MX,2022-07-22 23:16:23,27.6667,-105.1667,93.09,23,94,9.04,overcast clouds
540,Teguise,ES,2022-07-22 23:16:24,29.0605,-13.564,75.42,69,100,9.22,haze
541,Aleksandrovsk-Sakhalinskiy,RU,2022-07-22 23:16:24,50.8975,142.1561,61.05,80,100,3.4,overcast clouds
542,Camabatela,AO,2022-07-22 23:16:24,-8.1881,15.375,61.54,77,100,3.44,overcast clouds
543,Aklavik,CA,2022-07-22 23:16:25,68.2191,-135.0107,66.2,72,75,12.66,shower rain
544,Polewali,ID,2022-07-22 23:16:26,-3.4324,119.3435,76.1,89,74,3.91,broken clouds
545,Miri,MY,2022-07-22 23:16:26,4.4148,114.0089,73.54,100,20,3.44,few clouds
546,Vardo,NO,2022-07-22 23:16:26,70.3705,31.1107,49.98,93,100,0.0,overcast clouds
547,Kilindoni,TZ,2022-07-22 23:16:27,-7.9139,39.6668,75.33,77,2,16.6,clear sky
548,Mombetsu,JP,2022-07-22 23:16:27,44.3525,143.3525,58.89,98,100,4.47,moderate rain
549,Formosa Do Rio Preto,BR,2022-07-22 23:16:27,-11.0483,-45.1931,73.06,38,1,3.83,clear sky
550,Kidal,ML,2022-07-22 23:16:28,18.4411,1.4078,95.16,19,58,3.91,broken clouds
551,Sabha,LY,2022-07-22 23:17:28,27.0377,14.4283,80.74,22,0,8.95,clear sky
552,Tezu,IN,2022-07-22 23:17:29,27.9167,96.1667,75.52,84,96,2.1,overcast clouds
553,Amapa,BR,2022-07-22 23:17:30,1.0,-52.0,71.87,96,100,1.52,overcast clouds
554,Rabat,MA,2022-07-22 23:15:54,33.9911,-6.8401,73.47,68,40,0.0,scattered clouds
555,Salinopolis,BR,2022-07-22 23:17:31,-0.6136,-47.3561,78.93,83,83,9.78,broken clouds
556,Torbay,CA,2022-07-22 23:15:42,47.6666,-52.7314,72.88,70,75,9.22,broken clouds
557,Gambela,ET,2022-07-22 23:17:32,8.25,34.5833,69.42,97,88,4.25,moderate rain
558,Itarema,BR,2022-07-22 23:15:27,-2.9248,-39.9167,79.36,78,79,15.52,broken clouds
559,Chirongui,YT,2022-07-22 23:17:33,-12.9319,45.1483,69.73,68,0,10.58,clear sky
560,La Palma,US,2022-07-22 23:17:33,33.8464,-118.0467,98.92,60,40,12.66,scattered clouds
561,Mabaruma,GY,2022-07-22 23:17:34,8.2,-59.7833,75.22,89,12,3.15,few clouds
562,Wewak,PG,2022-07-22 23:16:03,-3.5534,143.6268,80.37,84,26,4.99,scattered clouds
563,Crisan,RO,2022-07-22 23:17:35,44.9667,29.4667,69.53,59,9,4.76,clear sky
564,Sirnak,TR,2022-07-22 23:17:35,37.5228,42.4594,68.58,24,0,4.85,clear sky
565,Shimoda,JP,2022-07-22 23:17:36,34.6667,138.95,86.11,76,0,17.47,clear sky
566,Manali,IN,2022-07-22 23:17:36,13.1667,80.2667,81.07,84,100,10.29,overcast clouds
567,Corsicana,US,2022-07-22 23:17:37,32.0954,-96.4689,98.62,32,0,16.11,clear sky
568,Nakapiripirit,UG,2022-07-22 23:17:37,1.9167,34.7833,67.68,64,72,4.12,broken clouds
569,Nikolayevsk-Na-Amure,RU,2022-07-22 23:17:37,53.1406,140.73,64.45,57,100,3.06,overcast clouds
570,Stornoway,GB,2022-07-22 23:17:38,58.2093,-6.3865,57.16,89,75,2.3,broken clouds
571,Linqing,CN,2022-07-22 23:17:38,36.8456,115.7117,70.32,90,97,9.62,overcast clouds
572,Balkhash,KZ,2022-07-22 23:13:25,46.844,74.9804,73.58,37,25,12.48,scattered clouds
573,Kailua,US,2022-07-22 23:17:39,21.4022,-157.7394,87.78,68,40,13.8,scattered clouds
574,Sao Gabriel Da Cachoeira,BR,2022-07-22 23:17:39,-0.1303,-67.0892,74.55,95,81,0.96,broken clouds
575,Stromness,GB,2022-07-22 23:17:39,58.965,-3.296,49.87,84,100,8.01,overcast clouds
576,Longmeadow,US,2022-07-22 23:17:40,42.0501,-72.5829,90.95,49,75,10.36,broken clouds
577,Serov,RU,2022-07-22 23:17:40,59.6033,60.5787,47.16,75,4,4.56,clear sky
578,Yatou,CN,2022-07-22 23:17:41,37.15,122.3833,70.66,96,100,2.39,moderate rain
579,Rutland,US,2022-07-22 23:17:41,43.6167,-73.0162,85.53,58,0,9.22,clear sky
580,Saint-Pie,CA,2022-07-22 23:17:42,45.5001,-72.8991,82.49,52,0,3.44,clear sky
581,Baiyin,CN,2022-07-22 23:17:42,36.5583,104.2081,67.08,41,0,2.89,clear sky
582,Chumikan,RU,2022-07-22 23:17:42,54.7183,135.315,59.88,78,28,2.64,scattered clouds
583,Suntar,RU,2022-07-22 23:17:43,62.1444,117.6319,67.39,74,97,5.12,overcast clouds
584,Nova Olimpia,BR,2022-07-22 23:13:49,-14.7972,-57.2881,79.03,34,2,3.51,clear sky
585,Ambon,ID,2022-07-22 23:17:43,-3.6954,128.1814,75.34,17,20,5.75,few clouds
586,Toktogul,KG,2022-07-22 23:17:44,41.8708,72.9402,75.31,33,0,2.33,clear sky
587,Usolye,RU,2022-07-22 23:17:44,59.4268,56.6808,52.81,73,44,4.65,scattered clouds
588,Big Rapids,US,2022-07-22 23:17:45,43.6981,-85.4837,84.27,39,0,8.05,clear sky
589,Antalaha,MG,2022-07-22 23:17:45,-14.9003,50.2788,66.24,90,33,6.58,light rain
590,Kayerkan,RU,2022-07-22 23:17:45,69.3497,87.7602,66.52,55,48,5.84,scattered clouds
591,Minna,NG,2022-07-22 23:17:46,9.6139,6.5569,71.83,97,100,3.36,overcast clouds
592,Caravelas,BR,2022-07-22 23:17:46,-17.7125,-39.2481,69.85,81,2,4.99,clear sky
593,Rocha,UY,2022-07-22 23:17:46,-34.4833,-54.3333,51.4,97,32,3.91,scattered clouds
594,Kingaroy,AU,2022-07-22 23:17:47,-26.5333,151.8333,58.53,76,77,13.78,broken clouds
595,San Cristobal,VE,2022-07-22 23:17:47,7.7669,-72.225,75.38,82,61,3.27,broken clouds
596,Mount Pleasant,US,2022-07-22 23:12:52,32.7941,-79.8626,87.94,82,0,10.36,haze
597,Athabasca,CA,2022-07-22 23:17:48,54.7169,-113.2854,64.81,63,85,7.31,overcast clouds
598,Pakxan,LA,2022-07-22 23:17:48,18.3778,103.6601,73.11,97,100,1.86,overcast clouds
599,Kurunegala,LK,2022-07-22 23:17:49,7.4863,80.3623,73.8,95,89,5.61,overcast clouds
600,Nelson Bay,AU,2022-07-22 23:18:49,-32.7167,152.15,64.0,86,91,1.01,overcast clouds
601,Villagarzon,CO,2022-07-22 23:18:50,1.0375,-76.6267,74.52,86,72,0.56,broken clouds
602,Agadez,NE,2022-07-22 23:18:50,19.75,10.25,91.09,18,63,10.45,broken clouds
603,Nevelsk,RU,2022-07-22 23:18:50,46.6733,141.8633,60.89,84,60,3.51,broken clouds
604,Sao Domingos,BR,2022-07-22 23:18:51,-13.3983,-46.3183,71.13,40,5,7.25,clear sky
605,Amga,RU,2022-07-22 23:18:51,60.8953,131.9608,66.34,89,100,2.86,light rain
606,Kabanjahe,ID,2022-07-22 23:18:52,3.1001,98.4908,61.77,95,90,1.7,light rain
607,Tabou,CI,2022-07-22 23:18:52,4.423,-7.3528,75.15,72,85,8.48,overcast clouds
608,Ambatondrazaka,MG,2022-07-22 23:18:52,-17.8333,48.4167,58.71,79,73,6.33,broken clouds
609,Ulaangom,MN,2022-07-22 23:18:53,49.9811,92.0667,58.62,76,78,5.17,broken clouds
610,Batemans Bay,AU,2022-07-22 23:18:54,-35.7167,150.1833,53.1,83,82,4.09,light rain
611,Jamame,SO,2022-07-22 23:18:54,0.0722,42.7506,73.65,81,37,12.73,scattered clouds
612,Hamilton,US,2022-07-22 23:15:17,39.1834,-84.5333,93.76,50,0,8.05,clear sky
613,Dzaoudzi,YT,2022-07-22 23:18:55,-12.7887,45.2699,69.69,94,0,5.75,clear sky
614,Bloomington,US,2022-07-22 23:14:55,44.8408,-93.2983,95.22,40,40,8.05,scattered clouds
615,Bogorodskoye,RU,2022-07-22 23:18:56,56.55,37.8833,60.93,84,16,3.76,few clouds
616,Tautira,PF,2022-07-22 23:18:57,-17.7333,-149.15,75.83,78,19,8.52,few clouds
617,Guerrero Negro,MX,2022-07-22 23:17:20,27.9769,-114.0611,75.09,60,21,21.43,few clouds
618,Tazmalt,DZ,2022-07-22 23:18:58,36.3868,4.3989,82.35,34,0,3.31,clear sky
619,Garowe,SO,2022-07-22 23:18:58,8.4054,48.4845,75.0,69,48,25.01,scattered clouds
620,Jingdezhen,CN,2022-07-22 23:18:59,29.2947,117.2079,83.39,79,46,2.35,scattered clouds
621,Vrangel,RU,2022-07-22 23:18:59,42.7297,133.0839,63.0,94,100,4.34,overcast clouds
622,Maumere,ID,2022-07-22 23:19:00,-8.6199,122.2111,74.34,76,78,6.31,broken clouds
623,Omsukchan,RU,2022-07-22 23:19:00,62.5333,155.8,59.13,38,75,6.31,broken clouds
624,Araouane,ML,2022-07-22 23:19:00,18.9048,-3.5265,93.81,33,67,13.24,broken clouds
625,Norden,DE,2022-07-22 23:19:01,53.6,7.2,59.97,73,100,7.63,overcast clouds
626,Pochutla,MX,2022-07-22 23:19:01,15.7432,-96.4661,84.81,66,92,4.65,overcast clouds
627,Acarau,BR,2022-07-22 23:19:02,-2.8856,-40.12,79.45,79,81,15.64,broken clouds
628,Salgar,CO,2022-07-22 23:19:02,5.965,-75.9654,67.78,93,67,4.34,broken clouds
629,Karak,JO,2022-07-22 23:19:02,31.1667,35.75,68.52,57,0,7.14,clear sky
630,Shanghai,CN,2022-07-22 23:16:30,31.2222,121.4581,87.93,82,0,8.95,clear sky
631,Tiarei,PF,2022-07-22 23:19:03,-17.5333,-149.3333,84.22,78,14,7.67,light rain
632,Fort Nelson,CA,2022-07-22 23:15:37,58.8053,-122.7002,74.79,33,40,6.91,scattered clouds
633,Bongandanga,CD,2022-07-22 23:19:04,1.5,21.05,68.92,99,100,0.56,overcast clouds
634,Pitea,SE,2022-07-22 23:19:04,65.3172,21.4794,57.29,68,100,6.4,overcast clouds
635,Gat,IL,2022-07-22 23:19:05,31.61,34.7642,77.68,100,1,1.61,clear sky
636,Buraydah,SA,2022-07-22 23:19:05,26.326,43.975,88.25,13,32,8.19,scattered clouds
637,Sterling,US,2022-07-22 23:19:06,39.0062,-77.4286,92.25,59,20,8.99,few clouds
638,Buenaventura,CO,2022-07-22 23:15:16,3.8801,-77.0312,75.56,94,82,2.44,broken clouds
639,Nurota,UZ,2022-07-22 23:19:06,40.5614,65.6886,86.36,20,0,10.85,clear sky
640,Anakapalle,IN,2022-07-22 23:19:07,17.6833,83.0167,78.49,89,100,5.37,overcast clouds
641,Sinnamary,GF,2022-07-22 23:19:07,5.3833,-52.95,78.35,85,43,6.8,scattered clouds
642,Nakamura,JP,2022-07-22 23:19:08,32.9833,132.9333,78.67,71,61,3.69,broken clouds
643,Plettenberg Bay,ZA,2022-07-22 23:19:08,-34.0527,23.3716,56.23,62,100,5.64,overcast clouds
644,Aswan,EG,2022-07-22 23:20:08,24.0934,32.907,87.55,21,71,13.71,broken clouds
645,Bakchar,RU,2022-07-22 23:20:09,57.0186,82.0711,50.38,98,54,6.31,broken clouds
646,Tongliao,CN,2022-07-22 23:20:09,43.6125,122.2653,76.75,72,100,4.34,overcast clouds
647,Darnah,LY,2022-07-22 23:20:10,32.767,22.6367,76.78,77,0,14.0,clear sky
648,Rolante,BR,2022-07-22 23:15:57,-29.6506,-50.5758,69.35,83,100,3.22,overcast clouds
649,Nieuw Amsterdam,SR,2022-07-22 23:20:10,5.8833,-55.0833,81.01,81,20,6.91,few clouds
650,Takoradi,GH,2022-07-22 23:20:11,4.8845,-1.7554,74.43,81,79,8.77,broken clouds
651,Campbell River,CA,2022-07-22 23:20:11,50.0163,-125.2446,71.98,53,75,8.05,broken clouds
652,Erzin,TR,2022-07-22 23:20:12,36.9559,36.2,75.29,57,0,1.81,clear sky
653,Vangaindrano,MG,2022-07-22 23:20:12,-23.35,47.6,63.97,89,30,2.1,light rain
654,Nichinan,JP,2022-07-22 23:20:12,31.6,131.3667,80.28,68,52,3.09,broken clouds
655,Merrill,US,2022-07-22 23:20:13,45.1805,-89.6835,85.77,46,75,8.05,broken clouds
656,Kargil,IN,2022-07-22 23:20:13,34.5667,76.1,64.22,51,100,4.76,overcast clouds
657,Baherden,TM,2022-07-22 23:20:14,38.4362,57.4316,85.26,58,0,5.82,clear sky
658,Panjab,AF,2022-07-22 23:20:14,34.388,67.0233,62.01,40,63,2.82,broken clouds
659,Kadoshkino,RU,2022-07-22 23:20:15,54.0257,44.4191,57.7,94,92,8.05,overcast clouds
660,Maarianhamina,AX,2022-07-22 23:20:15,60.0973,19.9348,60.66,100,75,1.14,broken clouds
661,Flinders,AU,2022-07-22 23:20:15,-34.5833,150.8552,57.06,93,76,5.99,broken clouds
662,Zelenoborsk,RU,2022-07-22 23:20:16,61.4669,64.0333,44.67,77,81,4.54,broken clouds
663,Byron Bay,AU,2022-07-22 23:20:16,-28.65,153.6167,57.94,82,100,20.83,overcast clouds
664,Bilma,NE,2022-07-22 23:20:17,18.6853,12.9164,94.78,23,75,4.23,broken clouds
665,North Battleford,CA,2022-07-22 23:15:38,52.7834,-108.2847,71.69,49,40,13.8,scattered clouds
666,Oktyabrskiy,RU,2022-07-22 23:20:17,54.4815,53.471,58.62,81,6,2.59,clear sky
667,Carutapera,BR,2022-07-22 23:20:18,-1.195,-46.02,77.36,86,55,6.51,broken clouds
668,Kano,NG,2022-07-22 23:20:19,12.0001,8.5167,76.87,76,100,9.1,light rain
669,Agucadoura,PT,2022-07-22 23:20:19,41.4318,-8.7804,72.25,73,0,8.32,clear sky
670,At-Bashi,KG,2022-07-22 23:20:20,41.1702,75.8106,58.91,45,0,0.78,clear sky
671,Keflavik,IS,2022-07-22 23:20:20,64.0049,-22.5624,53.51,100,75,4.61,fog
672,Poum,NC,2022-07-22 23:19:53,-20.2333,164.0167,76.57,84,98,20.45,light rain
673,Gravelbourg,CA,2022-07-22 23:20:21,49.8834,-106.5512,80.35,35,73,17.07,broken clouds
674,Penha,BR,2022-07-22 23:20:22,-26.7694,-48.6458,64.27,94,75,4.61,mist
675,Itoman,JP,2022-07-22 23:20:22,26.1247,127.6694,86.4,84,75,10.36,broken clouds
676,Nizwa,OM,2022-07-22 23:20:23,22.9333,57.5333,85.32,68,96,2.28,overcast clouds
677,Arzgir,RU,2022-07-22 23:20:23,45.3728,44.2206,68.67,64,68,10.78,broken clouds
678,Brae,GB,2022-07-22 23:20:24,60.3964,-1.353,51.37,75,100,8.59,overcast clouds
679,San Jeronimo,PE,2022-07-22 23:20:24,-11.9472,-75.2829,53.82,56,19,6.6,few clouds
680,Ulundi,ZA,2022-07-22 23:20:25,-28.3352,31.4162,57.04,87,0,4.43,clear sky
681,Dalbandin,PK,2022-07-22 23:20:25,28.8947,64.4101,84.49,59,93,9.04,overcast clouds
682,Freeport,US,2022-07-22 23:20:25,40.6576,-73.5832,86.31,61,0,19.57,clear sky
683,Matiri,TZ,2022-07-22 23:20:26,-10.75,34.9,53.89,69,25,2.28,scattered clouds
684,Hobyo,SO,2022-07-22 23:20:26,5.3505,48.5268,75.43,82,37,22.66,scattered clouds
685,Yumen,CN,2022-07-22 23:18:43,40.2833,97.2,74.17,16,0,9.95,clear sky
686,Sorsk,RU,2022-07-22 23:20:27,54.0033,90.2467,52.03,88,100,4.56,overcast clouds
687,Novaya Igirma,RU,2022-07-22 23:20:27,57.1334,103.9112,60.85,82,100,3.36,overcast clouds
688,Okhotsk,RU,2022-07-22 23:20:28,59.3833,143.3,63.21,77,92,3.98,overcast clouds
689,Alaca,TR,2022-07-22 23:20:28,40.1683,34.8425,57.61,89,0,4.0,clear sky
690,Mango,US,2022-07-22 23:20:28,27.9797,-82.3065,92.14,71,23,4.12,few clouds
691,Daru,PG,2022-07-22 23:20:29,-9.0763,143.2092,78.08,88,55,11.39,broken clouds
692,Mariana,BR,2022-07-22 23:20:51,-20.3778,-43.4161,61.84,64,1,1.68,clear sky
693,Andenes,NO,2022-07-22 23:21:30,69.3143,16.1194,51.93,93,100,21.85,heavy intensity drizzle
694,Buchanan,LR,2022-07-22 23:21:30,5.8808,-10.0467,75.4,80,54,8.39,broken clouds
695,Wattegama,LK,2022-07-22 23:20:18,6.7989,81.4808,74.46,90,87,4.25,overcast clouds
696,Khon Buri,TH,2022-07-22 23:21:31,14.5254,102.2459,75.31,93,100,3.0,overcast clouds
697,Nioro,GM,2022-07-22 23:21:32,13.35,-15.75,75.58,92,99,8.59,overcast clouds
698,Berbera,SO,2022-07-22 23:21:32,10.4396,45.0143,89.06,40,74,22.39,broken clouds
699,Madingou,CG,2022-07-22 23:21:32,-4.1536,13.55,72.93,66,74,3.69,broken clouds
700,Khandbari,NP,2022-07-22 23:21:33,27.3747,87.2039,71.91,93,100,3.13,overcast clouds
701,Bowen,AU,2022-07-22 23:21:33,-20.0167,148.2333,62.65,61,0,5.17,clear sky
702,Nanticoke,US,2022-07-22 23:21:34,41.2054,-76.0049,85.33,81,51,5.44,broken clouds
703,Alekseyevsk,RU,2022-07-22 23:21:34,57.8406,108.3492,63.88,94,100,3.4,overcast clouds
704,Singapore,SG,2022-07-22 23:19:40,1.2897,103.8501,78.84,92,75,1.14,broken clouds
705,Sokoto,NG,2022-07-22 23:21:35,13.0609,5.239,84.87,60,98,1.36,overcast clouds
706,Ryomgard,DK,2022-07-22 23:21:35,56.3843,10.503,59.0,98,100,8.05,overcast clouds
707,Timmins,CA,2022-07-22 23:17:06,48.4669,-81.3331,76.82,44,75,10.36,broken clouds
708,Santa Rosa,PH,2022-07-22 23:21:36,14.3122,121.1114,84.02,77,67,4.65,broken clouds
709,Sao Felix Do Xingu,BR,2022-07-22 23:21:36,-6.6447,-51.995,76.87,41,8,1.66,clear sky
710,Malanje,AO,2022-07-22 23:21:36,-9.5402,16.341,69.03,36,82,3.33,broken clouds
711,Kungurtug,RU,2022-07-22 23:21:37,50.5994,97.5228,53.35,87,78,1.28,broken clouds
712,Korla,CN,2022-07-22 23:21:37,41.7597,86.1469,78.58,25,0,4.07,clear sky
713,Darlawn,IN,2022-07-22 23:21:38,24.0167,92.9,69.69,99,100,1.07,light rain
714,Bend,US,2022-07-22 23:19:56,44.0582,-121.3153,87.08,18,0,10.36,clear sky
715,Sobolevo,RU,2022-07-22 23:21:38,54.4299,31.8996,59.47,80,28,1.43,scattered clouds
716,Zlutice,CZ,2022-07-22 23:21:39,50.0919,13.163,66.87,66,55,2.57,broken clouds
